station_id,name,short_name,latitude,longitude,region_id,rental_methods,capacity,eightd_has_key_dispenser,num_bikes_available,num_bikes_disabled,num_docks_available,num_docks_disabled,is_installed,is_renting,is_returning,eightd_has_available_keys,last_reported
144,Nassau St & Navy St,4812.02,40.69839895,-73.98068914,71,"KEY,CREDITCARD",58,FALSE,50,1,7,0,TRUE,TRUE,TRUE,FALSE,4/14/2020 0:00:00
482,W 15 St & 7 Ave,6030.06,40.73935542,-73.99931783,71,"KEY,CREDITCARD",77,FALSE,69,0,8,0,TRUE,TRUE,TRUE,FALSE,4/15/2020 0:00:00
2005,Railroad Ave & Kay Ave,4990.01,40.70531194,-73.97100056,71,"KEY,CREDITCARD",12,FALSE,4,0,8,0,TRUE,TRUE,TRUE,FALSE,4/15/2020 0:00:00
461,E 20 St & 2 Ave,5971.08,40.73587678,-73.98205027,71,"KEY,CREDITCARD",56,FALSE,46,1,9,0,TRUE,TRUE,TRUE,FALSE,4/15/2020 0:00:00
83,Atlantic Ave & Fort Greene Pl,4354.07,40.68382604,-73.97632328,71,"KEY,CREDITCARD",62,FALSE,51,0,11,0,TRUE,TRUE,TRUE,FALSE,4/15/2020 0:00:00
445,E 10 St & Avenue A,5659.05,40.72740794,-73.98142006,71,"KEY,CREDITCARD",80,FALSE,66,1,13,0,TRUE,TRUE,TRUE,FALSE,4/15/2020 0:00:00
3874,Menahan St & Seneca Ave,4963.13,40.70461,-73.91054,71,"KEY,CREDITCARD",16,FALSE,2,0,14,0,TRUE,TRUE,TRUE,FALSE,4/14/2020 0:00:00
3746,6 Ave & Broome St,5610.09,40.72430832,-74.00473036,71,"KEY,CREDITCARD",48,FALSE,33,0,15,0,TRUE,TRUE,TRUE,FALSE,4/15/2020 0:00:00
301,E 2 St & Avenue B,5515.02,40.72217444,-73.98368779,71,"KEY,CREDITCARD",58,FALSE,37,2,19,0,TRUE,TRUE,TRUE,FALSE,4/15/2020 0:00:00
362,Broadway & W 37 St,6441.02,40.75172632,-73.98753523,71,"KEY,CREDITCARD",57,FALSE,35,1,21,0,TRUE,TRUE,TRUE,FALSE,4/14/2020 0:00:00
509,9 Ave & W 22 St,6266.06,40.7454973,-74.00197139,71,"KEY,CREDITCARD",61,FALSE,38,2,21,0,TRUE,TRUE,TRUE,FALSE,4/15/2020 0:00:00
434,9 Ave & W 18 St,6190.08,40.74317449,-74.00366443,71,"KEY,CREDITCARD",60,FALSE,36,0,24,0,TRUE,TRUE,TRUE,FALSE,4/15/2020 0:00:00
474,5 Ave & E 29 St,6248.06,40.7451677,-73.98683077,71,"KEY,CREDITCARD",56,FALSE,29,0,27,0,TRUE,TRUE,TRUE,FALSE,4/15/2020 0:00:00
267,Broadway & W 36 St,6441.01,40.75097711,-73.98765428,71,"KEY,CREDITCARD",78,FALSE,49,1,28,0,TRUE,TRUE,TRUE,FALSE,4/15/2020 0:00:00
468,Broadway & W 56 St,6847.02,40.7652654,-73.98192338,71,"KEY,CREDITCARD",65,FALSE,36,1,28,0,TRUE,TRUE,TRUE,FALSE,4/15/2020 0:00:00
492,W 33 St & 7 Ave,6407.07,40.75019995,-73.99093085,71,"KEY,CREDITCARD",68,FALSE,37,1,30,0,TRUE,TRUE,TRUE,FALSE,4/15/2020 0:00:00
501,FDR Drive & E 35 St,6230.04,40.744219,-73.97121214,71,"KEY,CREDITCARD",79,FALSE,49,0,30,0,TRUE,TRUE,TRUE,FALSE,4/15/2020 0:00:00
359,E 47 St & Park Ave,6584.12,40.75510267,-73.97498696,71,"KEY,CREDITCARD",65,FALSE,33,0,32,0,TRUE,TRUE,TRUE,FALSE,4/15/2020 0:00:00
173,Broadway & W 49 St,6708.02,40.76068327,-73.98452729,71,"KEY,CREDITCARD",70,FALSE,37,0,33,0,TRUE,TRUE,TRUE,FALSE,4/15/2020 0:00:00
469,Broadway & W 53 St,6779.05,40.76344058,-73.98268129,71,"KEY,CREDITCARD",57,FALSE,24,0,33,0,TRUE,TRUE,TRUE,FALSE,4/15/2020 0:00:00
3714,Division Ave & Hooper St,5045.05,40.70684203,-73.9544354,71,"KEY,CREDITCARD",61,FALSE,28,0,33,0,TRUE,TRUE,TRUE,FALSE,4/15/2020 0:00:00
3898,E 63 St & 3 Ave,6830.02,40.763954,-73.9646,71,"KEY,CREDITCARD",57,FALSE,24,0,33,0,TRUE,TRUE,TRUE,FALSE,4/15/2020 0:00:00
477,W 41 St & 8 Ave,6602.03,40.75640548,-73.9900262,71,"KEY,CREDITCARD",71,FALSE,35,2,34,0,TRUE,TRUE,TRUE,FALSE,4/14/2020 0:00:00
3141,1 Ave & E 68 St,6822.09,40.76500525,-73.95818491,71,"KEY,CREDITCARD",58,FALSE,24,0,34,0,TRUE,TRUE,TRUE,FALSE,4/15/2020 0:00:00
3467,W Broadway & Spring St,5569.06,40.72494672,-74.00165856,71,"KEY,CREDITCARD",44,FALSE,8,0,36,0,TRUE,TRUE,TRUE,FALSE,4/15/2020 0:00:00
212,W 16 St & The High Line,6233.05,40.74334935,-74.00681753,71,"KEY,CREDITCARD",60,FALSE,23,0,37,0,TRUE,TRUE,TRUE,FALSE,4/14/2020 0:00:00
377,6 Ave & Canal St,5500.07,40.72243797,-74.00566443,71,"KEY,CREDITCARD",48,FALSE,5,0,43,0,TRUE,TRUE,TRUE,FALSE,4/15/2020 0:00:00
369,Washington Pl & 6 Ave,5838.09,40.73224119,-74.00026394,71,"KEY,CREDITCARD",60,FALSE,14,1,45,0,TRUE,TRUE,TRUE,FALSE,4/15/2020 0:00:00
349,Rivington St & Ridge St,5406.02,40.71850211,-73.98329859,71,"KEY,CREDITCARD",61,FALSE,14,1,46,0,TRUE,TRUE,TRUE,FALSE,4/15/2020 0:00:00
470,W 20 St & 8 Ave,6224.05,40.74345335,-74.00004031,71,"KEY,CREDITCARD",72,FALSE,26,0,46,0,TRUE,TRUE,TRUE,FALSE,4/15/2020 0:00:00
3177,W 84 St & Broadway,7409.08,40.7867947,-73.977112,71,"KEY,CREDITCARD",63,FALSE,12,1,50,0,TRUE,TRUE,TRUE,FALSE,4/15/2020 0:00:00
519,Pershing Square North,6432.09,40.751873,-73.977706,71,"KEY,CREDITCARD",69,TRUE,15,1,53,0,TRUE,TRUE,TRUE,TRUE,4/15/2020 0:00:00
517,Pershing Square South,6432.08,40.751581,-73.97791,71,"KEY,CREDITCARD",69,FALSE,9,2,58,0,TRUE,TRUE,TRUE,FALSE,4/15/2020 0:00:00
422,W 59 St & 10 Ave,7023.04,40.770513,-73.988038,71,"KEY,CREDITCARD",78,FALSE,18,1,59,0,TRUE,TRUE,TRUE,FALSE,4/14/2020 0:00:00
3270,Jersey & 6th St,JC027,40.72528911,-74.04557168,70,"KEY,CREDITCARD",14,FALSE,14,0,0,0,TRUE,TRUE,TRUE,FALSE,4/14/2020 0:00:00
3277,Communipaw & Berry Lane,JC084,40.71435837,-74.06661093,70,"KEY,CREDITCARD",14,FALSE,14,0,0,0,TRUE,TRUE,TRUE,FALSE,4/15/2020 0:00:00
3267,Morris Canal,JC072,40.71241882,-74.03852552,70,"KEY,CREDITCARD",14,FALSE,12,0,2,0,TRUE,TRUE,TRUE,FALSE,4/14/2020 0:00:00
3280,Astor Place,JC077,40.7192822,-74.07126188,70,"KEY,CREDITCARD",14,FALSE,10,0,4,0,TRUE,TRUE,TRUE,FALSE,4/14/2020 0:00:00
3483,Montgomery St,JC099,40.71942,-74.05099,70,"KEY,CREDITCARD",14,FALSE,10,0,4,0,TRUE,TRUE,TRUE,FALSE,4/14/2020 0:00:00
3184,Paulus Hook,JC002,40.7141454,-74.0335519,70,"KEY,CREDITCARD",14,FALSE,8,1,5,0,TRUE,TRUE,TRUE,FALSE,4/14/2020 0:00:00
3272,Jersey & 3rd,JC074,40.72333159,-74.04595256,70,"KEY,CREDITCARD",14,FALSE,9,0,5,0,TRUE,TRUE,TRUE,FALSE,4/14/2020 0:00:00
3679,Bergen Ave,JC095,40.72210379,-74.071455,70,"KEY,CREDITCARD",14,FALSE,9,0,5,0,TRUE,TRUE,TRUE,FALSE,4/15/2020 0:00:00
3268,Lafayette Park,JC078,40.71346383,-74.06285852,70,"KEY,CREDITCARD",14,FALSE,8,0,6,0,TRUE,TRUE,TRUE,FALSE,4/14/2020 0:00:00
3269,Brunswick & 6th,JC081,40.72601173,-74.05038893,70,"KEY,CREDITCARD",14,FALSE,8,0,6,0,TRUE,TRUE,TRUE,FALSE,4/14/2020 0:00:00
3275,Columbus Drive,JC014,40.7183552,-74.03891444,70,"KEY,CREDITCARD",14,FALSE,8,0,6,0,TRUE,TRUE,TRUE,FALSE,4/14/2020 0:00:00
3225,Baldwin at Montgomery,JC020,40.7236589,-74.0641943,70,"KEY,CREDITCARD",14,FALSE,7,0,7,0,TRUE,TRUE,TRUE,FALSE,4/15/2020 0:00:00
3281,Leonard Gordon Park,JC080,40.74590997,-74.05727148,70,"KEY,CREDITCARD",14,FALSE,6,0,8,0,TRUE,TRUE,TRUE,FALSE,4/14/2020 0:00:00
3199,Newport Pkwy,JC008,40.7287448,-74.0321082,70,"KEY,CREDITCARD",14,FALSE,3,0,11,0,TRUE,TRUE,TRUE,FALSE,4/15/2020 0:00:00
3278,Monmouth and 6th,JC075,40.72568548,-74.04879034,70,"KEY,CREDITCARD",14,FALSE,1,1,12,0,TRUE,TRUE,TRUE,FALSE,4/14/2020 0:00:00
3612,30 Ave & 21 St,6996.01,40.7703743,-73.9286078,71,"KEY,CREDITCARD",15,FALSE,7,0,8,0,TRUE,TRUE,TRUE,FALSE,4/15/2020 0:00:00
3882,Norman St & Wyckoff Ave,4654.01,40.69517,-73.90311,71,"KEY,CREDITCARD",15,FALSE,7,0,8,0,TRUE,TRUE,TRUE,FALSE,4/14/2020 0:00:00
3875,Stephen St & Seneca Ave,4798.10,40.6988,-73.9007,71,"KEY,CREDITCARD",15,FALSE,6,0,9,0,TRUE,TRUE,TRUE,FALSE,4/14/2020 0:00:00
400,Pitt St & Stanton St,5406.04,40.71926081,-73.98178024,71,"KEY,CREDITCARD",15,FALSE,5,0,10,0,TRUE,TRUE,TRUE,FALSE,4/15/2020 0:00:00
391,Clark St & Henry St,4789.03,40.69760127,-73.99344559,71,"KEY,CREDITCARD",15,FALSE,2,1,12,0,TRUE,TRUE,TRUE,FALSE,4/15/2020 0:00:00
3604,Rogers Ave & Sterling St,3696.05,40.6630619,-73.9538746,71,"KEY,CREDITCARD",17,FALSE,17,0,0,0,TRUE,TRUE,TRUE,FALSE,4/14/2020 0:00:00
3903,Jefferson Ave & Evergreen Ave,4517.03,40.68989,-73.91458,71,"KEY,CREDITCARD",17,FALSE,12,0,5,0,TRUE,TRUE,TRUE,FALSE,4/14/2020 0:00:00
3873,Madison St & Cypress Ave,4807.02,40.70068,-73.90742,71,"KEY,CREDITCARD",17,FALSE,5,1,11,0,TRUE,TRUE,TRUE,FALSE,4/15/2020 0:00:00
3910,Greene Ave & Grandview Ave,5106.04,40.709697,-73.907856,71,"KEY,CREDITCARD",17,FALSE,4,0,13,0,TRUE,TRUE,TRUE,FALSE,4/15/2020 0:00:00
3849,Suydam St & St. Nicholas Ave,5043.06,40.70636,-73.91945,71,"KEY,CREDITCARD",17,FALSE,3,0,14,0,TRUE,TRUE,TRUE,FALSE,4/14/2020 0:00:00
3852,Stewart Ave & Johnson Ave,5123.07,40.70869,-73.92587,71,"KEY,CREDITCARD",17,FALSE,3,0,14,0,TRUE,TRUE,TRUE,FALSE,4/14/2020 0:00:00
3897,Onderdonk Ave & Dekalb Ave,5115.01,40.70863,-73.91497,71,"KEY,CREDITCARD",17,FALSE,2,0,15,0,TRUE,TRUE,TRUE,FALSE,4/14/2020 0:00:00
3901,Stanhope St & Fairview Ave,5146.03,40.70998,-73.91116,71,"KEY,CREDITCARD",17,FALSE,1,0,16,0,TRUE,TRUE,TRUE,FALSE,4/14/2020 0:00:00
3907,Central Ave & Melrose St,4832.07,40.70112,-73.93039,71,"KEY,CREDITCARD",17,FALSE,1,0,16,0,TRUE,TRUE,TRUE,FALSE,4/14/2020 0:00:00
3094,Graham Ave & Withers St,5403.04,40.7169811,-73.94485918,71,"KEY,CREDITCARD",18,FALSE,16,0,2,0,TRUE,TRUE,TRUE,FALSE,4/15/2020 0:00:00
3255,8 Ave & W 31 St,6450.05,40.75058535,-73.99468482,71,"KEY,CREDITCARD",18,FALSE,13,1,4,0,TRUE,TRUE,TRUE,FALSE,4/15/2020 0:00:00
3681,Grand St,JC102,40.71517768,-74.03768331,70,"KEY,CREDITCARD",18,FALSE,10,3,5,0,TRUE,TRUE,TRUE,FALSE,4/14/2020 0:00:00
3833,Madison St & Evergreen Ave,4560.01,40.69122,-73.91693,71,"KEY,CREDITCARD",18,FALSE,13,0,5,0,TRUE,TRUE,TRUE,FALSE,4/14/2020 0:00:00
3049,Cambridge Pl & Gates Ave,4377.04,40.68488,-73.96304,71,"KEY,CREDITCARD",18,FALSE,12,0,6,0,TRUE,TRUE,TRUE,FALSE,4/14/2020 0:00:00
3210,Pershing Field,JC024,40.74267714,-74.05178863,70,"KEY,CREDITCARD",18,FALSE,12,0,6,0,TRUE,TRUE,TRUE,FALSE,4/15/2020 0:00:00
3863,Central Ave & Woodbine St,4632.10,40.69296,-73.91605,71,"KEY,CREDITCARD",18,FALSE,12,0,6,0,TRUE,TRUE,TRUE,FALSE,4/14/2020 0:00:00
3191,Union St,JC051,40.7182113,-74.0836394,70,"KEY,CREDITCARD",18,FALSE,11,0,7,0,TRUE,TRUE,TRUE,FALSE,4/14/2020 0:00:00
3273,Manila & 1st,JC082,40.72165072,-74.04288411,70,"KEY,CREDITCARD",18,FALSE,11,0,7,0,TRUE,TRUE,TRUE,FALSE,4/14/2020 0:00:00
3694,Jackson Square,JC063,40.71113,-74.0789,70,"KEY,CREDITCARD",18,FALSE,10,0,8,0,TRUE,TRUE,TRUE,FALSE,4/14/2020 0:00:00
3201,Dey St,JC065,40.737711,-74.066921,70,"KEY,CREDITCARD",18,FALSE,9,0,9,0,TRUE,TRUE,TRUE,FALSE,4/14/2020 0:00:00
3279,Dixon Mills,JC076,40.72163014,-74.04996783,70,"KEY,CREDITCARD",18,FALSE,9,0,9,0,TRUE,TRUE,TRUE,FALSE,4/14/2020 0:00:00
3595,35 St & Broadway,6750.16,40.760339,-73.9222427,71,"KEY,CREDITCARD",18,FALSE,8,0,10,0,TRUE,TRUE,TRUE,FALSE,4/15/2020 0:00:00
3677,Glenwood Ave,JC094,40.72755147,-74.07106072,70,"KEY,CREDITCARD",18,FALSE,8,0,10,0,TRUE,TRUE,TRUE,FALSE,4/14/2020 0:00:00
3817,Withers St & Kingsland Ave,5362.08,40.71773,-73.94051,71,"KEY,CREDITCARD",18,FALSE,8,0,10,0,TRUE,TRUE,TRUE,FALSE,4/15/2020 0:00:00
3196,Riverview Park,JC057,40.7443187,-74.0439909,70,"KEY,CREDITCARD",18,FALSE,7,0,11,0,TRUE,TRUE,TRUE,FALSE,4/14/2020 0:00:00
3862,Linden St & Knickerbocker Ave,4743.04,40.69714,-73.91566,71,"KEY,CREDITCARD",18,FALSE,7,0,11,0,TRUE,TRUE,TRUE,FALSE,4/14/2020 0:00:00
3198,Heights Elevator,JC059,40.74871595,-74.0404433,70,"KEY,CREDITCARD",18,FALSE,6,0,12,0,TRUE,TRUE,TRUE,FALSE,4/14/2020 0:00:00
3202,Newport PATH,JC066,40.7272235,-74.0337589,70,"KEY,CREDITCARD",18,FALSE,6,0,12,0,TRUE,TRUE,TRUE,FALSE,4/14/2020 0:00:00
3899,Manhattan Av & Leonard St,5442.09,40.72084,-73.94844,71,"KEY,CREDITCARD",18,FALSE,6,0,12,0,TRUE,TRUE,TRUE,FALSE,4/14/2020 0:00:00
3057,Kosciuszko St & Tompkins Ave,4553.04,40.69128258,-73.9452416,71,"KEY,CREDITCARD",18,FALSE,5,0,13,0,TRUE,TRUE,TRUE,FALSE,4/15/2020 0:00:00
3220,5 Corners Library,JC018,40.73496102,-74.05950308,70,"KEY,CREDITCARD",18,FALSE,5,0,13,0,TRUE,TRUE,TRUE,FALSE,4/14/2020 0:00:00
3193,Lincoln Park,JC053,40.7246051,-74.07840595,70,"KEY,CREDITCARD",18,FALSE,4,0,14,0,TRUE,TRUE,TRUE,FALSE,4/14/2020 0:00:00
3412,Pacific St & Nevins St,4362.04,40.6853761,-73.98302136,71,"KEY,CREDITCARD",18,FALSE,4,0,14,0,TRUE,TRUE,TRUE,FALSE,4/14/2020 0:00:00
3678,Fairmount Ave,JC093,40.72572614,-74.07195926,70,"KEY,CREDITCARD",18,FALSE,4,0,14,0,TRUE,TRUE,TRUE,FALSE,4/14/2020 0:00:00
3826,Moffat St & Bushwick,4357.01,40.68458,-73.90925,71,"KEY,CREDITCARD",18,FALSE,3,0,15,0,TRUE,TRUE,TRUE,FALSE,4/14/2020 0:00:00
3638,Washington St,JC098,40.7242941,-74.0354826,70,"KEY,CREDITCARD",18,FALSE,1,0,17,0,TRUE,TRUE,TRUE,FALSE,4/14/2020 0:00:00
3640,Journal Square,JC103,40.73367,-74.0625,70,"KEY,CREDITCARD",18,FALSE,0,0,18,0,TRUE,TRUE,TRUE,FALSE,4/14/2020 0:00:00
3071,Boerum St & Broadway,5004.02,40.70538077,-73.94976519,71,"KEY,CREDITCARD",19,FALSE,19,0,0,0,TRUE,TRUE,TRUE,FALSE,4/14/2020 0:00:00
3392,Commerce St & Van Brunt St,4243.01,40.6812117,-74.00860912,71,"KEY,CREDITCARD",19,FALSE,19,0,0,0,TRUE,TRUE,TRUE,FALSE,4/14/2020 0:00:00
3565,36 Ave & 10 St,6737.03,40.7614376,-73.9411265,71,"KEY,CREDITCARD",19,FALSE,18,1,0,0,TRUE,TRUE,TRUE,FALSE,4/14/2020 0:00:00
3575,Crescent St & 34 Ave,6759.15,40.76108,-73.930562,71,"KEY,CREDITCARD",19,FALSE,19,0,0,0,TRUE,TRUE,TRUE,FALSE,4/14/2020 0:00:00
3592,Crescent St & Broadway,6827.11,40.7633589,-73.9286471,71,"KEY,CREDITCARD",19,FALSE,19,0,0,0,TRUE,TRUE,TRUE,FALSE,4/15/2020 0:00:00
3596,Sullivan Pl & Bedford Ave,3736.04,40.6642406,-73.9574686,71,"KEY,CREDITCARD",19,FALSE,19,0,0,0,TRUE,TRUE,TRUE,FALSE,4/14/2020 0:00:00
3607,31 Ave & 14 St,6966.04,40.7682,-73.9322662,71,"KEY,CREDITCARD",19,FALSE,19,0,0,0,TRUE,TRUE,TRUE,FALSE,4/14/2020 0:00:00
3661,Montgomery St & Franklin Ave,3776.05,40.66643931,-73.96055639,71,"KEY,CREDITCARD",19,FALSE,19,0,0,0,TRUE,TRUE,TRUE,FALSE,4/15/2020 0:00:00
373,Willoughby Ave & Walworth St,4634.02,40.69331716,-73.95381995,71,"KEY,CREDITCARD",19,FALSE,18,0,1,0,TRUE,TRUE,TRUE,FALSE,4/15/2020 0:00:00
3241,Monroe St & Tompkins Ave,4434.06,40.686203,-73.944694,71,"KEY,CREDITCARD",19,FALSE,18,0,1,0,TRUE,TRUE,TRUE,FALSE,4/15/2020 0:00:00
3811,27 Ave & 3 St,7132.08,40.77485,-73.9342,71,"KEY,CREDITCARD",19,FALSE,18,0,1,0,TRUE,TRUE,TRUE,FALSE,4/14/2020 0:00:00
341,Stanton St & Mangin St,5326.06,40.71782143,-73.97628939,71,"KEY,CREDITCARD",19,FALSE,17,0,2,0,TRUE,TRUE,TRUE,FALSE,4/15/2020 0:00:00
3059,Pulaski St & Marcus Garvey Blvd,4656.03,40.6933982,-73.939877,71,"KEY,CREDITCARD",19,FALSE,17,0,2,0,TRUE,TRUE,TRUE,FALSE,4/15/2020 0:00:00
3344,Pioneer St & Van Brunt St,4169.04,40.679043,-74.011169,71,"KEY,CREDITCARD",19,FALSE,17,0,2,0,TRUE,TRUE,TRUE,FALSE,4/15/2020 0:00:00
3393,Richards St & Delavan St,4202.04,40.6794327,-74.00785041,71,"KEY,CREDITCARD",19,FALSE,16,1,2,0,TRUE,TRUE,TRUE,FALSE,4/14/2020 0:00:00
3589,Broadway & 12 St,6901.01,40.7668,-73.9347774,71,"KEY,CREDITCARD",19,FALSE,16,0,3,0,TRUE,TRUE,TRUE,FALSE,4/14/2020 0:00:00
3590,Carroll St & Franklin Ave,3847.04,40.6679411,-73.9588,71,"KEY,CREDITCARD",19,FALSE,16,0,3,0,TRUE,TRUE,TRUE,FALSE,4/14/2020 0:00:00
3601,Sterling St & Bedford Ave,3665.06,40.6627059,-73.9569115,71,"KEY,CREDITCARD",19,FALSE,16,0,3,0,TRUE,TRUE,TRUE,FALSE,4/15/2020 0:00:00
3913,Sands St Gate,4812.04,40.699569,-73.979827,71,"KEY,CREDITCARD",19,FALSE,16,0,3,0,TRUE,TRUE,TRUE,FALSE,4/15/2020 0:00:00
3348,Coffey St & Conover St,4137.10,40.677236,-74.015665,71,"KEY,CREDITCARD",19,FALSE,15,0,4,0,TRUE,TRUE,TRUE,FALSE,4/14/2020 0:00:00
3795,10 St & 2 Ave,3922.02,40.671907,-73.993612,71,"KEY,CREDITCARD",19,FALSE,15,0,4,0,TRUE,TRUE,TRUE,FALSE,4/14/2020 0:00:00
3820,Willoughby Ave & Myrtle Ave,4759.02,40.69757,-73.93098,71,"KEY,CREDITCARD",19,FALSE,15,0,4,0,TRUE,TRUE,TRUE,FALSE,4/15/2020 0:00:00
275,Washington Ave & Greene Ave,4419.03,40.68650065,-73.96563307,71,"KEY,CREDITCARD",19,FALSE,13,1,5,0,TRUE,TRUE,TRUE,FALSE,4/15/2020 0:00:00
3042,Fulton St & Utica Ave,4228.02,40.6794268,-73.9298911,71,"KEY,CREDITCARD",19,FALSE,13,1,5,0,TRUE,TRUE,TRUE,FALSE,4/15/2020 0:00:00
3066,Tompkins Ave & Hopkins St,4850.04,40.69957608,-73.94708417,71,"KEY,CREDITCARD",19,FALSE,14,0,5,0,TRUE,TRUE,TRUE,FALSE,4/15/2020 0:00:00
3564,21 St & 36 Ave,6729.02,40.7601853,-73.9362726,71,"KEY,CREDITCARD",19,FALSE,13,0,6,0,TRUE,TRUE,TRUE,FALSE,4/14/2020 0:00:00
3868,Knickerbocker Ave & Halsey St,4623.02,40.693,-73.90824,71,"KEY,CREDITCARD",19,FALSE,13,0,6,0,TRUE,TRUE,TRUE,FALSE,4/14/2020 0:00:00
3878,Cypress Ave & George St,4765.07,40.69812,-73.90271,71,"KEY,CREDITCARD",19,FALSE,13,0,6,0,TRUE,TRUE,TRUE,FALSE,4/14/2020 0:00:00
3060,Willoughby Ave & Tompkins Ave,4665.02,40.69425403,-73.94626915,71,"KEY,CREDITCARD",19,FALSE,12,0,7,0,TRUE,TRUE,TRUE,FALSE,4/15/2020 0:00:00
3586,34 Ave & 13 St,6836.07,40.7638753,-73.9364848,71,"KEY,CREDITCARD",19,FALSE,12,0,7,0,TRUE,TRUE,TRUE,FALSE,4/14/2020 0:00:00
3885,Onderdonk Ave & Gates Ave,4994.10,40.70413,-73.90737,71,"KEY,CREDITCARD",19,FALSE,12,0,7,0,TRUE,TRUE,TRUE,FALSE,4/14/2020 0:00:00
119,Park Ave & St Edwards St,4700.06,40.69608941,-73.97803415,71,"KEY,CREDITCARD",19,FALSE,11,0,8,0,TRUE,TRUE,TRUE,FALSE,4/15/2020 0:00:00
3395,Henry St & W 9 St,4086.06,40.6763744,-74.00324957,71,"KEY,CREDITCARD",19,FALSE,10,1,8,0,TRUE,TRUE,TRUE,FALSE,4/14/2020 0:00:00
3332,Degraw St & Hoyt St,4258.07,40.68199044,-73.99079025,71,"KEY,CREDITCARD",19,FALSE,10,0,9,0,TRUE,TRUE,TRUE,FALSE,4/14/2020 0:00:00
3249,Verona Pl & Fulton St,4124.04,40.68035608,-73.9476791,71,"KEY,CREDITCARD",19,FALSE,8,1,10,0,TRUE,TRUE,TRUE,FALSE,4/14/2020 0:00:00
3619,Newtown Ave & 23 St,7026.08,40.7713615,-73.9246145,71,"KEY,CREDITCARD",19,FALSE,9,0,10,0,TRUE,TRUE,TRUE,FALSE,4/15/2020 0:00:00
3755,DeKalb Ave & Franklin Ave,4528.01,40.69064807,-73.95746179,71,"KEY,CREDITCARD",19,FALSE,9,0,10,0,TRUE,TRUE,TRUE,FALSE,4/15/2020 0:00:00
3834,Irving Ave & Halsey St,4695.04,40.69467,-73.90663,71,"KEY,CREDITCARD",19,FALSE,9,0,10,0,TRUE,TRUE,TRUE,FALSE,4/15/2020 0:00:00
3892,38 Ave & 29 St,6538.11,40.75473,-73.93367,71,"KEY,CREDITCARD",19,FALSE,9,0,10,0,TRUE,TRUE,TRUE,FALSE,4/14/2020 0:00:00
289,Monroe St & Classon Ave,4336.01,40.6845683,-73.95881081,71,"KEY,CREDITCARD",19,FALSE,8,0,11,0,TRUE,TRUE,TRUE,FALSE,4/15/2020 0:00:00
3054,Greene Ave & Throop Ave,4510.04,40.6894932,-73.942061,71,"KEY,CREDITCARD",19,FALSE,8,0,11,0,TRUE,TRUE,TRUE,FALSE,4/15/2020 0:00:00
3758,George St & Wilson Ave,4906.07,40.702997,-73.92997,71,"KEY,CREDITCARD",19,FALSE,8,0,11,0,TRUE,TRUE,TRUE,FALSE,4/14/2020 0:00:00
3902,Fairview Ave & Linden St,5066.03,40.70694,-73.90632,71,"KEY,CREDITCARD",19,FALSE,8,0,11,0,TRUE,TRUE,TRUE,FALSE,4/14/2020 0:00:00
3567,11 St & 35 Ave,6768.04,40.7627442,-73.9391141,71,"KEY,CREDITCARD",19,FALSE,7,0,12,0,TRUE,TRUE,TRUE,FALSE,4/14/2020 0:00:00
3598,Newton Rd & 44 St,6743.06,40.7595701,-73.9142678,71,"KEY,CREDITCARD",19,FALSE,7,0,12,0,TRUE,TRUE,TRUE,FALSE,4/14/2020 0:00:00
120,Lexington Ave & Classon Ave,4452.03,40.68676793,-73.95928168,71,"KEY,CREDITCARD",19,FALSE,6,0,13,0,TRUE,TRUE,TRUE,FALSE,4/15/2020 0:00:00
278,Concord St & Bridge St,4781.03,40.69766564,-73.98476437,71,"KEY,CREDITCARD",19,FALSE,6,0,13,0,TRUE,TRUE,TRUE,FALSE,4/15/2020 0:00:00
3515,24 Ave & 26 St,7152.10,40.774591,-73.918544,71,"KEY,CREDITCARD",19,FALSE,5,1,13,0,TRUE,TRUE,TRUE,FALSE,4/14/2020 0:00:00
3522,37 St & 24 Ave,6981.16,40.7701477,-73.9120938,71,"KEY,CREDITCARD",19,FALSE,6,0,13,0,TRUE,TRUE,TRUE,FALSE,4/14/2020 0:00:00
3530,Crescent St & Ditmars Blvd,7233.05,40.7787185,-73.9145645,71,"KEY,CREDITCARD",19,FALSE,6,0,13,0,TRUE,TRUE,TRUE,FALSE,4/14/2020 0:00:00
3691,28 Ave & 44 St,6879.04,40.76408932,-73.91065121,71,"KEY,CREDITCARD",19,FALSE,6,0,13,0,TRUE,TRUE,TRUE,FALSE,4/14/2020 0:00:00
3704,47 Ave & Skillman Ave,6237.01,40.74375241,-73.94176483,71,"KEY,CREDITCARD",19,FALSE,6,0,13,0,TRUE,TRUE,TRUE,FALSE,4/14/2020 0:00:00
3043,Lewis Ave & Decatur St,4237.01,40.6814598,-73.934903,71,"KEY,CREDITCARD",19,FALSE,5,0,14,0,TRUE,TRUE,TRUE,FALSE,4/14/2020 0:00:00
3088,Union Ave & Jackson St,5300.06,40.7160751,-73.952029,71,"KEY,CREDITCARD",19,FALSE,5,0,14,0,TRUE,TRUE,TRUE,FALSE,4/14/2020 0:00:00
3557,40 Ave & 9 St,6664.05,40.75742,-73.945133,71,"KEY,CREDITCARD",19,FALSE,5,0,14,0,TRUE,TRUE,TRUE,FALSE,4/14/2020 0:00:00
3621,27 Ave & 9 St,7098.05,40.7739825,-73.9309134,71,"KEY,CREDITCARD",19,FALSE,5,0,14,0,TRUE,TRUE,TRUE,FALSE,4/15/2020 0:00:00
421,Clermont Ave & Park Ave,4692.01,40.69573398,-73.97129668,71,"KEY,CREDITCARD",19,FALSE,3,1,15,0,TRUE,TRUE,TRUE,FALSE,4/15/2020 0:00:00
3048,Putnam Ave & Nostrand Ave,4327.09,40.68402,-73.94977,71,"KEY,CREDITCARD",19,FALSE,4,0,15,0,TRUE,TRUE,TRUE,FALSE,4/15/2020 0:00:00
3453,Devoe St & Lorimer St,5259.06,40.71335226,-73.94910336,71,"KEY,CREDITCARD",19,FALSE,4,0,15,0,TRUE,TRUE,TRUE,FALSE,4/14/2020 0:00:00
3759,Irving Ave & Jefferson St,5051.02,40.70538,-73.92535,71,"KEY,CREDITCARD",19,FALSE,4,0,15,0,TRUE,TRUE,TRUE,FALSE,4/14/2020 0:00:00
3808,24 St & 41 Ave,6505.09,40.752474,-73.939991,71,"KEY,CREDITCARD",19,FALSE,4,0,15,0,TRUE,TRUE,TRUE,FALSE,4/14/2020 0:00:00
3559,21 St & 38 Ave,6656.05,40.7576314,-73.9391224,71,"KEY,CREDITCARD",19,FALSE,3,0,16,0,TRUE,TRUE,TRUE,FALSE,4/14/2020 0:00:00
3857,Engert Ave & McGuinness Blvd,5473.03,40.72158,-73.94546,71,"KEY,CREDITCARD",19,FALSE,3,0,16,0,TRUE,TRUE,TRUE,FALSE,4/15/2020 0:00:00
3883,Harman St & Seneca Ave,5002.09,40.70577,-73.91292,71,"KEY,CREDITCARD",19,FALSE,2,1,16,0,TRUE,TRUE,TRUE,FALSE,4/14/2020 0:00:00
3767,Powers St & Olive St,5210.01,40.71323,-73.93894,71,"KEY,CREDITCARD",19,FALSE,2,0,17,0,TRUE,TRUE,TRUE,FALSE,4/15/2020 0:00:00
3872,Hancock St & Wyckoff Ave,4735.16,40.6972,-73.90674,71,"KEY,CREDITCARD",19,FALSE,2,0,17,0,TRUE,TRUE,TRUE,FALSE,4/14/2020 0:00:00
3046,Marcus Garvey Blvd & Macon St,4278.03,40.682601,-73.938037,71,"KEY,CREDITCARD",19,FALSE,1,0,18,0,TRUE,TRUE,TRUE,FALSE,4/14/2020 0:00:00
3772,Devoe St & Morgan Ave,5282.02,40.713811,-73.93515,71,"KEY,CREDITCARD",19,FALSE,1,0,18,0,TRUE,TRUE,TRUE,FALSE,4/15/2020 0:00:00
3330,Henry St & Bay St,3972.08,40.6725058,-74.00494695,71,"KEY,CREDITCARD",19,FALSE,0,0,19,0,TRUE,TRUE,TRUE,FALSE,4/14/2020 0:00:00
3888,Woodward Ave & Harman St,5074.08,40.70793,-73.91092,71,"KEY,CREDITCARD",19,FALSE,0,0,19,0,TRUE,TRUE,TRUE,FALSE,4/14/2020 0:00:00
3063,Nostrand Ave & Myrtle Ave,4707.04,40.69527008,-73.95238108,71,"KEY,CREDITCARD",20,FALSE,17,1,2,0,TRUE,TRUE,TRUE,FALSE,4/15/2020 0:00:00
3858,Kent St & McGuinness Blvd,5785.10,40.73124,-73.95161,71,"KEY,CREDITCARD",20,FALSE,15,0,5,0,TRUE,TRUE,TRUE,FALSE,4/15/2020 0:00:00
3726,Center Blvd & 51 Ave,6179.07,40.74336608,-73.95960689,71,"KEY,CREDITCARD",20,FALSE,13,0,7,0,TRUE,TRUE,TRUE,FALSE,4/14/2020 0:00:00
3851,Metropolitan Ave & Stewart Ave,5273.01,40.71401,-73.92793,71,"KEY,CREDITCARD",20,FALSE,13,0,7,0,TRUE,TRUE,TRUE,FALSE,4/14/2020 0:00:00
3773,Knickerbocker Ave & Thames St,5018.06,40.70539,-73.92976,71,"KEY,CREDITCARD",20,FALSE,11,0,9,0,TRUE,TRUE,TRUE,FALSE,4/15/2020 0:00:00
3859,Lorimer St & Calyer St,5709.04,40.72795,-73.95414,71,"KEY,CREDITCARD",20,FALSE,11,0,9,0,TRUE,TRUE,TRUE,FALSE,4/15/2020 0:00:00
3827,Halsey St & Broadway,4366.01,40.68565,-73.91564,71,"KEY,CREDITCARD",20,FALSE,10,0,10,0,TRUE,TRUE,TRUE,FALSE,4/15/2020 0:00:00
3861,Menahan St & Wyckoff Ave,4890.11,40.70113,-73.91422,71,"KEY,CREDITCARD",20,FALSE,7,0,13,0,TRUE,TRUE,TRUE,FALSE,4/14/2020 0:00:00
3819,Green St & McGuinness Blvd,5860.02,40.73396,-73.95204,71,"KEY,CREDITCARD",20,FALSE,6,0,14,0,TRUE,TRUE,TRUE,FALSE,4/15/2020 0:00:00
3870,Melrose St & Broadway,4801.04,40.697481,-73.935877,71,"KEY,CREDITCARD",20,FALSE,6,0,14,0,TRUE,TRUE,TRUE,FALSE,4/14/2020 0:00:00
291,Madison St & Montgomery St,5262.09,40.713126,-73.984844,71,"KEY,CREDITCARD",20,FALSE,4,0,16,0,TRUE,TRUE,TRUE,FALSE,4/15/2020 0:00:00
3822,Bushwick Ave & Forrest St,4914.03,40.70076,-73.93641,71,"KEY,CREDITCARD",20,FALSE,4,0,16,0,TRUE,TRUE,TRUE,FALSE,4/14/2020 0:00:00
3886,Menahan St & Onderdonk Ave,5034.03,40.70553,-73.9096,71,"KEY,CREDITCARD",20,FALSE,3,0,17,0,TRUE,TRUE,TRUE,FALSE,4/14/2020 0:00:00
3909,Madison St & Woodward Ave,4954.07,40.70408,-73.90408,71,"KEY,CREDITCARD",20,FALSE,3,0,17,0,TRUE,TRUE,TRUE,FALSE,4/14/2020 0:00:00
3853,Harrison Pl & Porter Ave,5090.06,40.70686,-73.92851,71,"KEY,CREDITCARD",20,FALSE,2,0,18,0,TRUE,TRUE,TRUE,FALSE,4/14/2020 0:00:00
3891,Irving Ave & Palmetto St,4775.01,40.698,-73.9127,71,"KEY,CREDITCARD",20,FALSE,1,0,19,0,TRUE,TRUE,TRUE,FALSE,4/14/2020 0:00:00
3213,Van Vorst Park,JC035,40.71848892,-74.04772663,70,"KEY,CREDITCARD",21,FALSE,21,0,0,0,TRUE,TRUE,TRUE,FALSE,4/14/2020 0:00:00
3394,Columbia St & W 9 St,4086.05,40.6769993,-74.00647134,71,"KEY,CREDITCARD",21,FALSE,21,0,0,0,TRUE,TRUE,TRUE,FALSE,4/15/2020 0:00:00
3887,Flushing Ave & Woodward Ave,5225.02,40.71246,-73.91873,71,"KEY,CREDITCARD",21,FALSE,21,0,0,0,TRUE,TRUE,TRUE,FALSE,4/14/2020 0:00:00
3347,Van Brunt St & Wolcott St,4095.03,40.6773429,-74.01275056,71,"KEY,CREDITCARD",21,FALSE,20,0,1,0,TRUE,TRUE,TRUE,FALSE,4/14/2020 0:00:00
3420,Douglass St & 3 Ave,4217.02,40.6802133,-73.98432695,71,"KEY,CREDITCARD",21,FALSE,19,0,2,0,TRUE,TRUE,TRUE,FALSE,4/15/2020 0:00:00
3673,Dean St & Franklin Ave,4107.13,40.67759207,-73.95563722,71,"KEY,CREDITCARD",21,FALSE,18,1,2,0,TRUE,TRUE,TRUE,FALSE,4/14/2020 0:00:00
3333,Columbia St & Lorraine St,4103.08,40.6747055,-74.0075572,71,"KEY,CREDITCARD",21,FALSE,17,0,4,0,TRUE,TRUE,TRUE,FALSE,4/15/2020 0:00:00
3340,Wolcott St & Dwight St,4054.02,40.6753274,-74.0100698,71,"KEY,CREDITCARD",21,FALSE,17,0,4,0,TRUE,TRUE,TRUE,FALSE,4/14/2020 0:00:00
3381,3 St & Hoyt St,4110.10,40.6777287,-73.99364123,71,"KEY,CREDITCARD",21,FALSE,17,0,4,0,TRUE,TRUE,TRUE,FALSE,4/14/2020 0:00:00
3588,Vernon Blvd & 10 St,6937.07,40.7671863,-73.9373554,71,"KEY,CREDITCARD",21,FALSE,17,0,4,0,TRUE,TRUE,TRUE,FALSE,4/15/2020 0:00:00
3311,Columbia St & Kane St,4422.05,40.68763155,-74.0016256,71,"KEY,CREDITCARD",21,FALSE,16,0,5,0,TRUE,TRUE,TRUE,FALSE,4/14/2020 0:00:00
3498,Pleasant Ave & E 120 St,7579.01,40.7974772,-73.9311847,71,"KEY,CREDITCARD",21,FALSE,16,0,5,0,TRUE,TRUE,TRUE,FALSE,4/14/2020 0:00:00
3764,Bushwick Ave & McKibbin St,5027.02,40.705517,-73.93936,71,"KEY,CREDITCARD",21,FALSE,16,0,5,0,TRUE,TRUE,TRUE,FALSE,4/14/2020 0:00:00
3422,Columbia St & Degraw St,4422.04,40.6859296,-74.00242364,71,"KEY,CREDITCARD",21,FALSE,15,0,6,0,TRUE,TRUE,TRUE,FALSE,4/14/2020 0:00:00
3832,Central Ave & Weirfield St,4591.04,40.69055,-73.91181,71,"KEY,CREDITCARD",21,FALSE,15,0,6,0,TRUE,TRUE,TRUE,FALSE,4/14/2020 0:00:00
3047,Halsey St & Tompkins Ave,4319.07,40.6823687,-73.944118,71,"KEY,CREDITCARD",21,FALSE,13,1,7,0,TRUE,TRUE,TRUE,FALSE,4/14/2020 0:00:00
3356,Amsterdam Ave & W 66 St,7149.05,40.7746671,-73.98470567,71,"KEY,CREDITCARD",21,FALSE,14,0,7,0,TRUE,TRUE,TRUE,FALSE,4/14/2020 0:00:00
3319,14 St & 5 Ave,3771.06,40.666287,-73.98895053,71,"KEY,CREDITCARD",21,FALSE,13,0,8,0,TRUE,TRUE,TRUE,FALSE,4/14/2020 0:00:00
3605,31 Ave & Crescent St,6893.10,40.7658346,-73.9265474,71,"KEY,CREDITCARD",21,FALSE,13,0,8,0,TRUE,TRUE,TRUE,FALSE,4/15/2020 0:00:00
3591,21 St & 31 Dr,6865.03,40.7659,-73.930819,71,"KEY,CREDITCARD",21,FALSE,12,0,9,0,TRUE,TRUE,TRUE,FALSE,4/15/2020 0:00:00
3756,White St & Moore St,4987.06,40.704508,-73.9351,71,"KEY,CREDITCARD",21,FALSE,12,0,9,0,TRUE,TRUE,TRUE,FALSE,4/15/2020 0:00:00
3050,Putnam Ave & Throop Ave,4392.04,40.6851532,-73.94111,71,"KEY,CREDITCARD",21,FALSE,11,0,10,0,TRUE,TRUE,TRUE,FALSE,4/15/2020 0:00:00
3352,Sigourney St & Columbia St,3940.04,40.67267243,-74.00879525,71,"KEY,CREDITCARD",21,FALSE,11,0,10,0,TRUE,TRUE,TRUE,FALSE,4/14/2020 0:00:00
3528,Steinway St & 23 Ave,7009.02,40.7713937,-73.9077436,71,"KEY,CREDITCARD",21,FALSE,11,0,10,0,TRUE,TRUE,TRUE,FALSE,4/14/2020 0:00:00
3326,Clinton St & Centre St,4045.01,40.67434,-74.00194698,71,"KEY,CREDITCARD",21,FALSE,8,0,13,0,TRUE,TRUE,TRUE,FALSE,4/14/2020 0:00:00
3568,34 St & 35 Ave,6605.08,40.7569332,-73.9262231,71,"KEY,CREDITCARD",21,FALSE,7,0,14,0,TRUE,TRUE,TRUE,FALSE,4/14/2020 0:00:00
3603,31 Ave & 30 St,6857.09,40.7647,-73.9240312,71,"KEY,CREDITCARD",21,FALSE,6,0,15,0,TRUE,TRUE,TRUE,FALSE,4/15/2020 0:00:00
3615,44 Dr & 21 St,6278.04,40.748,-73.9460927,71,"KEY,CREDITCARD",21,FALSE,6,0,15,0,TRUE,TRUE,TRUE,FALSE,4/14/2020 0:00:00
3845,Irving Ave & Harman St,4856.05,40.70108,-73.9179,71,"KEY,CREDITCARD",21,FALSE,6,0,15,0,TRUE,TRUE,TRUE,FALSE,4/14/2020 0:00:00
3525,23 Ave & 27 St,7178.02,40.776165,-73.9153175,71,"KEY,CREDITCARD",21,FALSE,5,0,16,0,TRUE,TRUE,TRUE,FALSE,4/14/2020 0:00:00
3578,Park Pl & Franklin Ave,4033.06,40.6741806,-73.9564947,71,"KEY,CREDITCARD",21,FALSE,5,0,16,0,TRUE,TRUE,TRUE,FALSE,4/14/2020 0:00:00
3061,Throop Ave & Myrtle Ave,4697.01,40.69622937,-73.94371094,71,"KEY,CREDITCARD",21,FALSE,4,0,17,0,TRUE,TRUE,TRUE,FALSE,4/14/2020 0:00:00
3606,49 Ave & 21 St,6128.04,40.74252,-73.948852,71,"KEY,CREDITCARD",21,FALSE,3,0,18,0,TRUE,TRUE,TRUE,FALSE,4/14/2020 0:00:00
3608,5 St & 51 Ave,6137.04,40.7423737,-73.9566,71,"KEY,CREDITCARD",21,FALSE,2,0,19,0,TRUE,TRUE,TRUE,FALSE,4/14/2020 0:00:00
3080,S 4 St & Rodney St,5156.05,40.70934,-73.95608,71,"KEY,CREDITCARD",21,FALSE,1,0,20,0,TRUE,TRUE,TRUE,FALSE,4/14/2020 0:00:00
3513,21 St & Hoyt Ave S,7126.01,40.774645,-73.923706,71,"KEY,CREDITCARD",21,FALSE,1,0,20,0,TRUE,TRUE,TRUE,FALSE,4/14/2020 0:00:00
3546,Pacific St & Classon Ave,4148.07,40.6791944,-73.9587903,71,"KEY,CREDITCARD",21,FALSE,1,0,20,0,TRUE,TRUE,TRUE,FALSE,4/14/2020 0:00:00
3297,6 St & 7 Ave,3834.10,40.6686627,-73.97988067,71,"KEY,CREDITCARD",21,FALSE,0,0,21,0,TRUE,TRUE,TRUE,FALSE,4/14/2020 0:00:00
3765,Bushwick Ave & Stagg St,5140.06,40.709897,-73.94008,71,"KEY,CREDITCARD",21,FALSE,0,0,21,0,TRUE,TRUE,TRUE,FALSE,4/14/2020 0:00:00
3770,Central Ave & Flushing Ave,4947.04,40.702831,-73.9333,71,"KEY,CREDITCARD",21,FALSE,0,0,21,0,TRUE,TRUE,TRUE,FALSE,4/14/2020 0:00:00
3209,Brunswick St,JC023,40.7241765,-74.0506564,70,"KEY,CREDITCARD",22,FALSE,19,0,3,0,TRUE,TRUE,TRUE,FALSE,4/14/2020 0:00:00
3211,Newark Ave,JC032,40.72152515,-74.04630454,70,"KEY,CREDITCARD",22,FALSE,18,0,4,0,TRUE,TRUE,TRUE,FALSE,4/14/2020 0:00:00
3511,Adam Clayton Powell Blvd & W 115 St,7643.18,40.802535,-73.9532423,71,"KEY,CREDITCARD",22,FALSE,17,0,5,0,TRUE,TRUE,TRUE,FALSE,4/15/2020 0:00:00
3187,Warren St,JC006,40.7211236,-74.03805095,70,"KEY,CREDITCARD",22,FALSE,16,0,6,0,TRUE,TRUE,TRUE,FALSE,4/14/2020 0:00:00
3830,Halsey St & Evergreen Ave,4474.01,40.68858,-73.91227,71,"KEY,CREDITCARD",22,FALSE,14,1,7,0,TRUE,TRUE,TRUE,FALSE,4/14/2020 0:00:00
3185,City Hall,JC003,40.7177325,-74.043845,70,"KEY,CREDITCARD",22,FALSE,14,0,8,0,TRUE,TRUE,TRUE,FALSE,4/14/2020 0:00:00
3192,Liberty Light Rail,JC052,40.7112423,-74.0557013,70,"KEY,CREDITCARD",22,FALSE,13,0,9,0,TRUE,TRUE,TRUE,FALSE,4/14/2020 0:00:00
3780,Wyckoff Av & Stanhope St,4931.05,40.703545,-73.917775,71,"KEY,CREDITCARD",22,FALSE,12,0,10,0,TRUE,TRUE,TRUE,FALSE,4/14/2020 0:00:00
3214,Essex Light Rail,JC038,40.7127742,-74.0364857,70,"KEY,CREDITCARD",22,FALSE,11,0,11,0,TRUE,TRUE,TRUE,FALSE,4/14/2020 0:00:00
3855,Frost St & Debevoise Ave,5433.04,40.71882,-73.93948,71,"KEY,CREDITCARD",22,FALSE,10,0,12,0,TRUE,TRUE,TRUE,FALSE,4/15/2020 0:00:00
3481,York St,JC096,40.71649,-74.04105,70,"KEY,CREDITCARD",22,FALSE,9,0,13,0,TRUE,TRUE,TRUE,FALSE,4/14/2020 0:00:00
3911,Wyckoff St & Nevins St,4290.08,40.683426,-73.984275,71,"KEY,CREDITCARD",22,FALSE,9,0,13,0,TRUE,TRUE,TRUE,FALSE,4/14/2020 0:00:00
3828,Eldert St & Bushwick Ave,4399.03,40.68652,-73.91321,71,"KEY,CREDITCARD",22,FALSE,7,1,14,0,TRUE,TRUE,TRUE,FALSE,4/14/2020 0:00:00
3896,Madison St & Seneca Ave,4880.11,40.70183,-73.90625,71,"KEY,CREDITCARD",22,FALSE,8,0,14,0,TRUE,TRUE,TRUE,FALSE,4/14/2020 0:00:00
3205,JC Medical Center,JC011,40.71653978,-74.04963791,70,"KEY,CREDITCARD",22,FALSE,7,0,15,0,TRUE,TRUE,TRUE,FALSE,4/14/2020 0:00:00
3194,McGinley Square,JC055,40.72533993,-74.06762213,70,"KEY,CREDITCARD",22,FALSE,5,1,16,0,TRUE,TRUE,TRUE,FALSE,4/14/2020 0:00:00
3456,Jackson St & Leonard St,5332.10,40.71638032,-73.94821286,71,"KEY,CREDITCARD",22,FALSE,6,0,16,0,TRUE,TRUE,TRUE,FALSE,4/15/2020 0:00:00
3302,Columbus Ave & W 103 St,7595.17,40.7969347,-73.96434123,71,"KEY,CREDITCARD",22,FALSE,4,0,18,0,TRUE,TRUE,TRUE,FALSE,4/14/2020 0:00:00
3106,Driggs Ave & N Henry St,5542.04,40.72325,-73.94308,71,"KEY,CREDITCARD",22,FALSE,2,1,19,0,TRUE,TRUE,TRUE,FALSE,4/15/2020 0:00:00
3212,Christ Hospital,JC034,40.73478582,-74.05044364,70,"KEY,CREDITCARD",22,FALSE,3,0,19,0,TRUE,TRUE,TRUE,FALSE,4/14/2020 0:00:00
3787,Dock 72 Way & Market St,4804.02,40.69985,-73.97141,71,"KEY,CREDITCARD",22,FALSE,3,0,19,0,TRUE,TRUE,TRUE,FALSE,4/15/2020 0:00:00
3835,Knickerbocker Ave & Hancock St,4663.02,40.69385,-73.90974,71,"KEY,CREDITCARD",22,FALSE,3,0,19,0,TRUE,TRUE,TRUE,FALSE,4/14/2020 0:00:00
356,Bialystoker Pl & Delancey St,5335.03,40.71622644,-73.98261206,71,"KEY,CREDITCARD",23,FALSE,21,2,0,0,TRUE,TRUE,TRUE,FALSE,4/15/2020 0:00:00
3342,Pioneer St & Richards St,4128.08,40.6777748,-74.0094613,71,"KEY,CREDITCARD",23,FALSE,23,0,0,0,TRUE,TRUE,TRUE,FALSE,4/14/2020 0:00:00
3609,Vernon Blvd & 31 Ave,7003.06,40.7692475,-73.9354504,71,"KEY,CREDITCARD",23,FALSE,22,1,0,0,TRUE,TRUE,TRUE,FALSE,4/14/2020 0:00:00
3843,Myrtle Ave & Grove St,4816.05,40.69905,-73.91516,71,"KEY,CREDITCARD",23,FALSE,22,1,0,0,TRUE,TRUE,TRUE,FALSE,4/14/2020 0:00:00
343,Clinton Ave & Flushing Ave,4762.04,40.69794,-73.96986848,71,"KEY,CREDITCARD",23,FALSE,21,1,1,0,TRUE,TRUE,TRUE,FALSE,4/15/2020 0:00:00
3062,Myrtle Ave & Marcy Ave,4707.03,40.69539817,-73.94954908,71,"KEY,CREDITCARD",23,FALSE,22,0,1,0,TRUE,TRUE,TRUE,FALSE,4/14/2020 0:00:00
3514,Astoria Park S & Shore Blvd,7159.08,40.7767,-73.927631,71,"KEY,CREDITCARD",23,FALSE,22,0,1,0,TRUE,TRUE,TRUE,FALSE,4/14/2020 0:00:00
3070,McKibbin St & Manhattan Ave,4996.08,40.70510918,-73.94407279,71,"KEY,CREDITCARD",23,FALSE,21,0,2,0,TRUE,TRUE,TRUE,FALSE,4/15/2020 0:00:00
3315,Henry St & Degraw St,4380.08,40.6847514,-73.99917254,71,"KEY,CREDITCARD",23,FALSE,21,0,2,0,TRUE,TRUE,TRUE,FALSE,4/14/2020 0:00:00
443,Bedford Ave & S 9 St,5093.01,40.70853074,-73.96408963,71,"KEY,CREDITCARD",23,FALSE,18,2,3,0,TRUE,TRUE,TRUE,FALSE,4/15/2020 0:00:00
3402,Court St & State St,4488.08,40.6902375,-73.99203074,71,"KEY,CREDITCARD",23,FALSE,20,0,3,0,TRUE,TRUE,TRUE,FALSE,4/14/2020 0:00:00
3551,3 Ave & E 112 St,7543.15,40.795508,-73.941606,71,"KEY,CREDITCARD",23,FALSE,20,0,3,0,TRUE,TRUE,TRUE,FALSE,4/15/2020 0:00:00
3876,Forest Ave & Summerfield St,4798.02,40.69922,-73.89795,71,"KEY,CREDITCARD",23,FALSE,19,0,4,0,TRUE,TRUE,TRUE,FALSE,4/14/2020 0:00:00
419,Carlton Ave & Park Ave,4732.04,40.69580705,-73.97355569,71,"KEY,CREDITCARD",23,FALSE,17,1,5,0,TRUE,TRUE,TRUE,FALSE,4/15/2020 0:00:00
3052,Lewis Ave & Madison St,4425.02,40.686312,-73.935775,71,"KEY,CREDITCARD",23,FALSE,17,1,5,0,TRUE,TRUE,TRUE,FALSE,4/14/2020 0:00:00
3497,Pleasant Ave & E 116 St,7450.05,40.7949879,-73.9333349,71,"KEY,CREDITCARD",23,FALSE,17,1,5,0,TRUE,TRUE,TRUE,FALSE,4/15/2020 0:00:00
3760,Willoughby Ave & Wyckoff Ave,5010.02,40.705614,-73.92153,71,"KEY,CREDITCARD",23,FALSE,17,1,5,0,TRUE,TRUE,TRUE,FALSE,4/15/2020 0:00:00
245,Myrtle Ave & St Edwards St,4659.02,40.69327018,-73.97703874,71,"KEY,CREDITCARD",23,TRUE,16,1,6,0,TRUE,TRUE,TRUE,TRUE,4/14/2020 0:00:00
313,Washington Ave & Park Ave,4724.03,40.69610226,-73.96751037,71,"KEY,CREDITCARD",23,FALSE,17,0,6,0,TRUE,TRUE,TRUE,FALSE,4/15/2020 0:00:00
3407,Union St & Nevins St,4143.03,40.679098,-73.98765475,71,"KEY,CREDITCARD",23,FALSE,17,0,6,0,TRUE,TRUE,TRUE,FALSE,4/14/2020 0:00:00
3647,48 Ave & 30 Pl,6076.01,40.74128309,-73.93725872,71,"KEY,CREDITCARD",23,FALSE,17,0,6,0,TRUE,TRUE,TRUE,FALSE,4/14/2020 0:00:00
3777,Stockholm St & Wilson Ave,4824.03,40.699304,-73.923044,71,"KEY,CREDITCARD",23,FALSE,16,1,6,0,TRUE,TRUE,TRUE,FALSE,4/14/2020 0:00:00
241,DeKalb Ave & S Portland Ave,4546.04,40.68981035,-73.97493121,71,"KEY,CREDITCARD",23,FALSE,16,0,7,0,TRUE,TRUE,TRUE,FALSE,4/15/2020 0:00:00
418,Front St & Gold St,4927.04,40.70224,-73.982578,71,"KEY,CREDITCARD",23,FALSE,16,0,7,0,TRUE,TRUE,TRUE,FALSE,4/15/2020 0:00:00
3298,Warren St & Court St,4413.08,40.686371,-73.99383324,71,"KEY,CREDITCARD",23,FALSE,16,0,7,0,TRUE,TRUE,TRUE,FALSE,4/14/2020 0:00:00
3398,Smith St & 9 St,4077.04,40.6746957,-73.99785768,71,"KEY,CREDITCARD",23,FALSE,15,1,7,0,TRUE,TRUE,TRUE,FALSE,4/14/2020 0:00:00
3824,Van Sinderen Ave & Truxton St,4161.01,40.6786,-73.90369,71,"KEY,CREDITCARD",23,FALSE,16,0,7,0,TRUE,TRUE,TRUE,FALSE,4/14/2020 0:00:00
258,DeKalb Ave & Vanderbilt Ave,4461.04,40.68940747,-73.96885458,71,"KEY,CREDITCARD",23,FALSE,14,1,8,0,TRUE,TRUE,TRUE,FALSE,4/15/2020 0:00:00
408,Market St & Cherry St,5198.04,40.71076228,-73.99400398,71,"KEY,CREDITCARD",23,FALSE,15,0,8,0,TRUE,TRUE,TRUE,FALSE,4/15/2020 0:00:00
3361,Carroll St & 6 Ave,4019.06,40.6740886,-73.9787282,71,"KEY,CREDITCARD",23,FALSE,15,0,8,0,TRUE,TRUE,TRUE,FALSE,4/14/2020 0:00:00
3337,Dwight St & Van Dyke St,3981.10,40.67363551,-74.01195556,71,"KEY,CREDITCARD",23,FALSE,14,0,9,0,TRUE,TRUE,TRUE,FALSE,4/14/2020 0:00:00
3768,Waterbury St & Stagg St,5099.02,40.71019,-73.93734,71,"KEY,CREDITCARD",23,FALSE,14,0,9,0,TRUE,TRUE,TRUE,FALSE,4/14/2020 0:00:00
3056,Kosciuszko St & Nostrand Ave,4519.04,40.69072549,-73.95133465,71,"KEY,CREDITCARD",23,FALSE,13,0,10,0,TRUE,TRUE,TRUE,FALSE,4/15/2020 0:00:00
3339,Berkeley Pl & 6 Ave,4134.06,40.6765304,-73.97846879,71,"KEY,CREDITCARD",23,FALSE,13,0,10,0,TRUE,TRUE,TRUE,FALSE,4/15/2020 0:00:00
3421,Hoyt St & Warren St,4330.09,40.6843549,-73.98901629,71,"KEY,CREDITCARD",23,FALSE,13,0,10,0,TRUE,TRUE,TRUE,FALSE,4/14/2020 0:00:00
3749,Lexington Ave & E 36 St,6313.10,40.74757396,-73.97880077,71,"KEY,CREDITCARD",23,FALSE,12,1,10,0,TRUE,TRUE,TRUE,FALSE,4/15/2020 0:00:00
157,Henry St & Atlantic Ave,4531.05,40.69089272,-73.99612349,71,"KEY,CREDITCARD",23,FALSE,11,1,11,0,TRUE,TRUE,TRUE,FALSE,4/15/2020 0:00:00
3469,India St & West St,5794.03,40.73181402,-73.95995021,71,"KEY,CREDITCARD",23,FALSE,11,0,12,0,TRUE,TRUE,TRUE,FALSE,4/15/2020 0:00:00
3620,11 St & 43 Ave,6438.04,40.7519071,-73.9479119,71,"KEY,CREDITCARD",23,FALSE,10,0,13,0,TRUE,TRUE,TRUE,FALSE,4/14/2020 0:00:00
3343,W 107 St & Columbus Ave,7619.05,40.7997568,-73.96211287,71,"KEY,CREDITCARD",23,FALSE,9,0,14,0,TRUE,TRUE,TRUE,FALSE,4/15/2020 0:00:00
3814,E 56 St & Madison Ave,6732.01,40.761573,-73.972628,71,"KEY,CREDITCARD",23,FALSE,9,0,14,0,TRUE,TRUE,TRUE,FALSE,4/15/2020 0:00:00
3125,45 Rd & 11 St,6319.01,40.74708586,-73.94977234,71,"KEY,CREDITCARD",23,FALSE,8,0,15,0,TRUE,TRUE,TRUE,FALSE,4/14/2020 0:00:00
3524,19 St & 24 Ave,7186.15,40.7774552,-73.9225403,71,"KEY,CREDITCARD",23,FALSE,8,0,15,0,TRUE,TRUE,TRUE,FALSE,4/14/2020 0:00:00
3577,34 Ave & 21 St,6798.01,40.7628138,-73.9342862,71,"KEY,CREDITCARD",23,FALSE,7,0,16,0,TRUE,TRUE,TRUE,FALSE,4/14/2020 0:00:00
3614,Crescent St & 30 Ave,6958.06,40.768692,-73.9249574,71,"KEY,CREDITCARD",23,FALSE,7,0,16,0,TRUE,TRUE,TRUE,FALSE,4/14/2020 0:00:00
3622,E 128 St & Madison Ave,7735.23,40.80756,-73.939182,71,"KEY,CREDITCARD",23,FALSE,7,0,16,0,TRUE,TRUE,TRUE,FALSE,4/15/2020 0:00:00
344,Monroe St & Bedford Ave,4368.05,40.6851443,-73.95380904,71,"KEY,CREDITCARD",23,FALSE,6,0,17,0,TRUE,TRUE,TRUE,FALSE,4/15/2020 0:00:00
3256,Pier 40 - Hudson River Park,5696.03,40.72771408,-74.01129574,71,"KEY,CREDITCARD",23,FALSE,3,3,17,0,TRUE,TRUE,TRUE,FALSE,4/15/2020 0:00:00
3405,5 St & 6 Ave,3874.01,40.6704836,-73.98208968,71,"KEY,CREDITCARD",23,FALSE,6,0,17,0,TRUE,TRUE,TRUE,FALSE,4/14/2020 0:00:00
3716,40 Ave & Crescent St,6462.05,40.7535992,-73.93795609,71,"KEY,CREDITCARD",23,FALSE,6,0,17,0,TRUE,TRUE,TRUE,FALSE,4/14/2020 0:00:00
3774,Knickerbocker Ave & George St,4979.07,40.704425,-73.92836,71,"KEY,CREDITCARD",23,FALSE,6,0,17,0,TRUE,TRUE,TRUE,FALSE,4/14/2020 0:00:00
302,Avenue D & E 3 St,5436.09,40.72082834,-73.97793172,71,"KEY,CREDITCARD",23,FALSE,5,0,18,0,TRUE,TRUE,TRUE,FALSE,4/15/2020 0:00:00
328,Watts St & Greenwich St,5578.02,40.72405549,-74.00965965,71,"KEY,CREDITCARD",23,FALSE,4,1,18,0,TRUE,TRUE,TRUE,FALSE,4/15/2020 0:00:00
3053,Marcy Ave & Lafayette Ave,4476.03,40.6900815,-73.947915,71,"KEY,CREDITCARD",23,FALSE,5,0,18,0,TRUE,TRUE,TRUE,FALSE,4/15/2020 0:00:00
3128,21 St & 43 Ave,6395.01,40.75052534,-73.94594845,71,"KEY,CREDITCARD",23,FALSE,5,0,18,0,TRUE,TRUE,TRUE,FALSE,4/15/2020 0:00:00
216,Columbia Heights & Cranberry St,4829.01,40.70037867,-73.99548059,71,"KEY,CREDITCARD",23,FALSE,4,0,19,0,TRUE,TRUE,TRUE,FALSE,4/15/2020 0:00:00
270,Adelphi St & Myrtle Ave,4620.02,40.69308257,-73.97178913,71,"KEY,CREDITCARD",23,FALSE,3,1,19,0,TRUE,TRUE,TRUE,FALSE,4/14/2020 0:00:00
3064,Myrtle Ave & Lewis Ave,4729.01,40.69681963,-73.93756926,71,"KEY,CREDITCARD",23,FALSE,4,0,19,0,TRUE,TRUE,TRUE,FALSE,4/14/2020 0:00:00
3306,10 St & 7 Ave,3762.08,40.6662078,-73.98199886,71,"KEY,CREDITCARD",23,FALSE,4,0,19,0,TRUE,TRUE,TRUE,FALSE,4/14/2020 0:00:00
3602,31 Ave & 34 St,6819.15,40.763154,-73.920827,71,"KEY,CREDITCARD",23,FALSE,4,0,19,0,TRUE,TRUE,TRUE,FALSE,4/14/2020 0:00:00
3718,E 11 St & Avenue B,5659.11,40.72746421,-73.97950418,71,"KEY,CREDITCARD",23,FALSE,4,0,19,0,TRUE,TRUE,TRUE,FALSE,4/15/2020 0:00:00
3757,Stagg St & Morgan Ave,5170.01,40.710681,-73.93372,71,"KEY,CREDITCARD",23,FALSE,4,0,19,0,TRUE,TRUE,TRUE,FALSE,4/14/2020 0:00:00
229,Great Jones St,5636.11,40.72743423,-73.99379025,71,"KEY,CREDITCARD",23,FALSE,3,0,20,0,TRUE,TRUE,TRUE,FALSE,4/15/2020 0:00:00
248,Laight St & Hudson St,5539.06,40.72185379,-74.00771779,71,"KEY,CREDITCARD",23,FALSE,3,0,20,0,TRUE,TRUE,TRUE,FALSE,4/15/2020 0:00:00
3055,Greene Ave & Nostrand Ave,4519.02,40.6883337,-73.950916,71,"KEY,CREDITCARD",23,FALSE,3,0,20,0,TRUE,TRUE,TRUE,FALSE,4/15/2020 0:00:00
3574,Prospect Pl & Underhill Ave,4116.08,40.6769694,-73.96579,71,"KEY,CREDITCARD",23,FALSE,3,0,20,0,TRUE,TRUE,TRUE,FALSE,4/15/2020 0:00:00
3884,Centre St & Seneca Ave,4837.03,40.69969,-73.9022,71,"KEY,CREDITCARD",23,FALSE,2,1,20,0,TRUE,TRUE,TRUE,FALSE,4/14/2020 0:00:00
420,Clermont Ave & Lafayette Ave,4461.01,40.68764484,-73.96968902,71,"KEY,CREDITCARD",23,FALSE,2,0,21,0,TRUE,TRUE,TRUE,FALSE,4/15/2020 0:00:00
3769,White St & Johnson Ave,5099.03,40.707174,-73.93581,71,"KEY,CREDITCARD",23,FALSE,2,0,21,0,TRUE,TRUE,TRUE,FALSE,4/14/2020 0:00:00
3776,Central Ave & Starr Street,4792.03,40.700003,-73.92834,71,"KEY,CREDITCARD",23,FALSE,1,0,22,0,TRUE,TRUE,TRUE,FALSE,4/14/2020 0:00:00
3179,Park Ave & Marcus Garvey Blvd,4768.02,40.698617,-73.941342,71,"KEY,CREDITCARD",23,FALSE,0,0,23,0,TRUE,TRUE,TRUE,FALSE,4/14/2020 0:00:00
530,11 Ave & W 59 St,7059.01,40.77149671,-73.99046034,71,"KEY,CREDITCARD",24,FALSE,23,1,0,0,TRUE,TRUE,TRUE,FALSE,4/14/2020 0:00:00
3072,Leonard St & Boerum St,5036.06,40.70583339,-73.94644578,71,"KEY,CREDITCARD",24,FALSE,24,0,0,0,TRUE,TRUE,TRUE,FALSE,4/14/2020 0:00:00
3317,10 St & 5 Ave,3842.08,40.6686273,-73.98700053,71,"KEY,CREDITCARD",24,FALSE,24,0,0,0,TRUE,TRUE,TRUE,FALSE,4/14/2020 0:00:00
143,Clinton St & Joralemon St,4605.04,40.69239502,-73.99337909,71,"KEY,CREDITCARD",24,FALSE,23,0,1,0,TRUE,TRUE,TRUE,FALSE,4/15/2020 0:00:00
2008,Little West St & 1 Pl,5001.08,40.70569254,-74.01677685,71,"KEY,CREDITCARD",24,TRUE,19,3,1,1,TRUE,TRUE,TRUE,TRUE,4/15/2020 0:00:00
3400,E 110 St & Madison Ave,7587.14,40.7961535,-73.94782145,71,"KEY,CREDITCARD",24,TRUE,23,0,1,0,TRUE,TRUE,TRUE,TRUE,4/15/2020 0:00:00
3293,W 92 St & Broadway,7502.01,40.7921,-73.9739,71,"KEY,CREDITCARD",24,FALSE,22,0,2,0,TRUE,TRUE,TRUE,FALSE,4/15/2020 0:00:00
3399,7 St & 3 Ave,3996.01,40.67260298,-73.98983002,71,"KEY,CREDITCARD",24,FALSE,21,1,2,0,TRUE,TRUE,TRUE,FALSE,4/14/2020 0:00:00
3804,Front St & Jay St,4895.03,40.702461,-73.986842,71,"KEY,CREDITCARD",24,FALSE,19,0,5,0,TRUE,TRUE,TRUE,FALSE,4/15/2020 0:00:00
3058,Lewis Ave & Kosciuszko St,4617.01,40.69237074,-73.93705428,71,"KEY,CREDITCARD",24,FALSE,18,0,6,0,TRUE,TRUE,TRUE,FALSE,4/15/2020 0:00:00
3676,Van Brunt St & Van Dyke St,4095.10,40.67583294,-74.01472628,71,"KEY,CREDITCARD",24,FALSE,18,0,6,0,TRUE,TRUE,TRUE,FALSE,4/14/2020 0:00:00
3390,E 109 St & 3 Ave,7504.12,40.79329668,-73.9432083,71,"KEY,CREDITCARD",24,FALSE,16,0,8,0,TRUE,TRUE,TRUE,FALSE,4/14/2020 0:00:00
3041,Kingston Ave & Herkimer St,4205.06,40.67890679,-73.94142771,71,"KEY,CREDITCARD",24,FALSE,15,0,9,0,TRUE,TRUE,TRUE,FALSE,4/15/2020 0:00:00
3869,Van Buren St & Broadway,4568.01,40.692,-73.92617,71,"KEY,CREDITCARD",24,FALSE,14,1,9,0,TRUE,TRUE,TRUE,FALSE,4/14/2020 0:00:00
3865,Knickerbocker Ave & Cooper St,4582.05,40.69081,-73.90448,71,"KEY,CREDITCARD",24,FALSE,13,0,11,0,TRUE,TRUE,TRUE,FALSE,4/14/2020 0:00:00
3491,E 118 St & 1 Ave,7596.10,40.79747,-73.93504,71,"KEY,CREDITCARD",24,FALSE,11,0,13,0,TRUE,TRUE,TRUE,FALSE,4/14/2020 0:00:00
3829,Central Ave & Decatur St,4432.10,40.6882,-73.90798,71,"KEY,CREDITCARD",24,FALSE,9,0,15,0,TRUE,TRUE,TRUE,FALSE,4/14/2020 0:00:00
3454,Leonard St & Maujer St,5148.03,40.71036854,-73.94705951,71,"KEY,CREDITCARD",24,FALSE,8,0,16,0,TRUE,TRUE,TRUE,FALSE,4/15/2020 0:00:00
437,Macon St & Nostrand Ave,4214.03,40.68098339,-73.95004798,71,"KEY,CREDITCARD",24,FALSE,7,0,17,0,TRUE,TRUE,TRUE,FALSE,4/15/2020 0:00:00
3310,14 St & 7 Ave,3731.11,40.663779,-73.98396846,71,"KEY,CREDITCARD",24,FALSE,6,0,18,0,TRUE,TRUE,TRUE,FALSE,4/14/2020 0:00:00
3571,Bedford Ave & Bergen St,4066.15,40.676368,-73.952918,71,"KEY,CREDITCARD",24,FALSE,6,0,18,0,TRUE,TRUE,TRUE,FALSE,4/14/2020 0:00:00
3816,Metropolitan Ave & Vandervoort Ave,5241.02,40.71429,-73.93323,71,"KEY,CREDITCARD",24,FALSE,6,0,18,0,TRUE,TRUE,TRUE,FALSE,4/14/2020 0:00:00
3105,N 15 St & Wythe Ave,5520.09,40.724055,-73.955736,71,"KEY,CREDITCARD",24,FALSE,5,0,19,0,TRUE,TRUE,TRUE,FALSE,4/14/2020 0:00:00
262,Washington Park,4546.05,40.6917823,-73.9737299,71,"KEY,CREDITCARD",24,FALSE,4,0,20,0,TRUE,TRUE,TRUE,FALSE,4/15/2020 0:00:00
3585,Union St & Bedford Ave,3879.04,40.6691783,-73.9554162,71,"KEY,CREDITCARD",24,FALSE,4,0,20,0,TRUE,TRUE,TRUE,FALSE,4/15/2020 0:00:00
295,Pike St & E Broadway,5270.05,40.71406667,-73.99293911,71,"KEY,CREDITCARD",24,FALSE,3,0,21,0,TRUE,TRUE,TRUE,FALSE,4/15/2020 0:00:00
3728,Pierrepont St & Monroe Pl,4718.08,40.69535693,-73.99344027,71,"KEY,CREDITCARD",24,FALSE,3,0,21,0,TRUE,TRUE,TRUE,FALSE,4/15/2020 0:00:00
3766,Sharon St & Olive St,5323.05,40.715353,-73.93856,71,"KEY,CREDITCARD",24,FALSE,3,0,21,0,TRUE,TRUE,TRUE,FALSE,4/14/2020 0:00:00
3779,Hart St & Wyckoff Ave,4971.01,40.704876,-73.919911,71,"KEY,CREDITCARD",24,FALSE,3,0,21,0,TRUE,TRUE,TRUE,FALSE,4/14/2020 0:00:00
3840,Putnam Ave & Wyckoff Ave,4735.03,40.69811,-73.90904,71,"KEY,CREDITCARD",24,FALSE,3,0,21,0,TRUE,TRUE,TRUE,FALSE,4/14/2020 0:00:00
460,S 4 St & Wythe Ave,5204.05,40.71285887,-73.96590294,71,"KEY,CREDITCARD",25,FALSE,25,0,0,0,TRUE,TRUE,TRUE,FALSE,4/15/2020 0:00:00
508,W 46 St & 11 Ave,6795.01,40.76341379,-73.99667444,71,"KEY,CREDITCARD",25,FALSE,24,1,0,0,TRUE,TRUE,TRUE,FALSE,4/14/2020 0:00:00
3397,Court St & Nelson St,4077.07,40.6763947,-73.99869893,71,"KEY,CREDITCARD",25,FALSE,25,0,0,0,TRUE,TRUE,TRUE,FALSE,4/14/2020 0:00:00
481,S 3 St & Bedford Ave,5235.05,40.71260486,-73.96264403,71,"KEY,CREDITCARD",25,FALSE,22,2,1,0,TRUE,TRUE,TRUE,FALSE,4/15/2020 0:00:00
3324,3 Ave & 14 St,3850.03,40.6685455,-73.99333264,71,"KEY,CREDITCARD",25,FALSE,24,0,1,0,TRUE,TRUE,TRUE,FALSE,4/15/2020 0:00:00
3387,E 106 St & Madison Ave,7528.31,40.7934337,-73.94945003,71,"KEY,CREDITCARD",25,FALSE,24,0,1,0,TRUE,TRUE,TRUE,FALSE,4/15/2020 0:00:00
3494,E 115 St & Lexington Ave,7599.09,40.797911,-73.9423,71,"KEY,CREDITCARD",25,FALSE,24,0,1,0,TRUE,TRUE,TRUE,FALSE,4/15/2020 0:00:00
3529,Lenox Ave & W 130 St,7753.13,40.8107922,-73.9430681,71,"KEY,CREDITCARD",25,FALSE,24,0,1,0,TRUE,TRUE,TRUE,FALSE,4/15/2020 0:00:00
3648,Flushing Ave & Vanderbilt Ave,4762.05,40.69795032,-73.9707756,71,"KEY,CREDITCARD",25,FALSE,23,1,1,0,TRUE,TRUE,TRUE,FALSE,4/14/2020 0:00:00
3085,Roebling St & N 4 St,5267.09,40.71469,-73.95739,71,"KEY,CREDITCARD",25,FALSE,22,0,3,0,TRUE,TRUE,TRUE,FALSE,4/14/2020 0:00:00
3391,E 106 St & 1 Ave,7456.03,40.7892529,-73.93956237,71,"KEY,CREDITCARD",25,FALSE,22,0,3,0,TRUE,TRUE,TRUE,FALSE,4/15/2020 0:00:00
3002,South End Ave & Liberty St,5184.07,40.711512,-74.015756,71,"KEY,CREDITCARD",25,TRUE,21,0,4,0,TRUE,TRUE,TRUE,TRUE,4/15/2020 0:00:00
3322,12 St & 4 Ave,3882.01,40.668603,-73.9904394,71,"KEY,CREDITCARD",25,FALSE,21,0,4,0,TRUE,TRUE,TRUE,FALSE,4/14/2020 0:00:00
3573,35 St & 34 Ave,6679.11,40.7580583,-73.9242751,71,"KEY,CREDITCARD",25,FALSE,21,0,4,0,TRUE,TRUE,TRUE,FALSE,4/14/2020 0:00:00
3303,Butler St & Court St,4339.01,40.6849894,-73.99440329,71,"KEY,CREDITCARD",25,FALSE,20,0,5,0,TRUE,TRUE,TRUE,FALSE,4/14/2020 0:00:00
3351,E 102 St & 1 Ave,7407.13,40.7869946,-73.94164802,71,"KEY,CREDITCARD",25,FALSE,20,0,5,0,TRUE,TRUE,TRUE,FALSE,4/15/2020 0:00:00
3838,Bushwick Ave & Harman St,4640.01,40.69356,-73.92524,71,"KEY,CREDITCARD",25,FALSE,20,0,5,0,TRUE,TRUE,TRUE,FALSE,4/14/2020 0:00:00
396,Lefferts Pl & Franklin Ave,4222.02,40.68034242,-73.95576894,71,"KEY,CREDITCARD",25,FALSE,19,0,6,0,TRUE,TRUE,TRUE,FALSE,4/15/2020 0:00:00
3523,24 Ave & 29 St,7119.04,40.7729,-73.916142,71,"KEY,CREDITCARD",25,FALSE,18,0,7,0,TRUE,TRUE,TRUE,FALSE,4/14/2020 0:00:00
3496,1 Ave & E 110 St,7522.02,40.7923272,-73.9383,71,"KEY,CREDITCARD",25,FALSE,17,0,8,0,TRUE,TRUE,TRUE,FALSE,4/15/2020 0:00:00
3388,President St & Henry St,4307.13,40.6828003,-73.99990419,71,"KEY,CREDITCARD",25,FALSE,13,1,11,0,TRUE,TRUE,TRUE,FALSE,4/14/2020 0:00:00
3597,43 St & Broadway,6670.03,40.7577284,-73.9166368,71,"KEY,CREDITCARD",25,FALSE,14,0,11,0,TRUE,TRUE,TRUE,FALSE,4/15/2020 0:00:00
276,Duane St & Greenwich St,5400.08,40.71748752,-74.0104554,71,"KEY,CREDITCARD",25,FALSE,12,0,13,0,TRUE,TRUE,TRUE,FALSE,4/15/2020 0:00:00
3618,27 St & Hunter St,6310.06,40.7485,-73.941275,71,"KEY,CREDITCARD",25,FALSE,12,0,13,0,TRUE,TRUE,TRUE,FALSE,4/15/2020 0:00:00
3082,Hope St & Union Ave,5187.03,40.71167351,-73.95141312,71,"KEY,CREDITCARD",25,FALSE,11,0,14,0,TRUE,TRUE,TRUE,FALSE,4/15/2020 0:00:00
3844,Myrtle Ave & Linden St,4816.02,40.69943,-73.91337,71,"KEY,CREDITCARD",25,FALSE,11,0,14,0,TRUE,TRUE,TRUE,FALSE,4/14/2020 0:00:00
3377,Carroll St & Bond St,4184.07,40.6786115,-73.99037292,71,"KEY,CREDITCARD",25,FALSE,10,0,15,0,TRUE,TRUE,TRUE,FALSE,4/14/2020 0:00:00
3396,Clinton St & 4 Place,4119.04,40.6783563,-74.00014502,71,"KEY,CREDITCARD",25,FALSE,9,0,16,0,TRUE,TRUE,TRUE,FALSE,4/15/2020 0:00:00
3895,Cypress Ave & Palmetto St,4921.04,40.70157341,-73.90876293,71,"KEY,CREDITCARD",25,FALSE,9,0,16,0,TRUE,TRUE,TRUE,FALSE,4/14/2020 0:00:00
3321,Clinton St & Union St,4266.03,40.6831164,-73.99785267,71,"KEY,CREDITCARD",25,FALSE,8,0,17,0,TRUE,TRUE,TRUE,FALSE,4/14/2020 0:00:00
3415,Prospect Pl & 6 Ave,4166.08,40.6793307,-73.97519523,71,"KEY,CREDITCARD",25,FALSE,8,0,17,0,TRUE,TRUE,TRUE,FALSE,4/14/2020 0:00:00
3846,Central Ave & Himrod St,4713.01,40.69676,-73.92302,71,"KEY,CREDITCARD",25,FALSE,7,1,17,0,TRUE,TRUE,TRUE,FALSE,4/14/2020 0:00:00
3879,Broadway & Madison St,4483.10,40.68822,-73.91966,71,"KEY,CREDITCARD",25,FALSE,8,0,17,0,TRUE,TRUE,TRUE,FALSE,4/14/2020 0:00:00
3566,Crescent St & 35 Ave,6688.01,40.7596276,-73.9321455,71,"KEY,CREDITCARD",25,FALSE,7,0,18,0,TRUE,TRUE,TRUE,FALSE,4/14/2020 0:00:00
3579,Sterling Pl & Bedford Ave,3993.03,40.672695,-73.954131,71,"KEY,CREDITCARD",25,FALSE,7,0,18,0,TRUE,TRUE,TRUE,FALSE,4/14/2020 0:00:00
3616,Steinway St & 28 Ave,6915.02,40.7656251,-73.9136695,71,"KEY,CREDITCARD",25,FALSE,7,0,18,0,TRUE,TRUE,TRUE,FALSE,4/14/2020 0:00:00
3877,Madison St & Forest Ave,5025.02,40.70555,-73.90245,71,"KEY,CREDITCARD",25,FALSE,7,0,18,0,TRUE,TRUE,TRUE,FALSE,4/14/2020 0:00:00
3370,E 78 St & 2 Ave,7057.07,40.7727966,-73.95577801,71,"KEY,CREDITCARD",25,FALSE,6,0,19,0,TRUE,TRUE,TRUE,FALSE,4/14/2020 0:00:00
3383,Cathedral Pkwy & Broadway,7680.03,40.804213,-73.96699104,71,"KEY,CREDITCARD",25,FALSE,6,0,19,0,TRUE,TRUE,TRUE,FALSE,4/15/2020 0:00:00
3499,2 Ave & E 122 St,7622.12,40.8006721,-73.9349,71,"KEY,CREDITCARD",25,FALSE,6,0,19,0,TRUE,TRUE,TRUE,FALSE,4/15/2020 0:00:00
3856,Kingsland Ave & Nassau Ave,5613.04,40.72577,-73.94173,71,"KEY,CREDITCARD",25,FALSE,5,1,19,0,TRUE,TRUE,TRUE,FALSE,4/15/2020 0:00:00
3893,Rockaway Ave & Bainbridge St,4285.09,40.68319988,-73.91166642,71,"KEY,CREDITCARD",25,FALSE,6,0,19,0,TRUE,TRUE,TRUE,FALSE,4/15/2020 0:00:00
417,Barclay St & Church St,5216.04,40.71291224,-74.01020234,71,"KEY,CREDITCARD",25,FALSE,5,0,20,0,TRUE,TRUE,TRUE,FALSE,4/15/2020 0:00:00
3358,Garfield Pl & 8 Ave,3978.13,40.6711978,-73.97484126,71,"KEY,CREDITCARD",25,FALSE,4,1,20,0,TRUE,TRUE,TRUE,FALSE,4/14/2020 0:00:00
3360,Amsterdam Ave & W 79 St,7311.02,40.7829391,-73.9786517,71,"KEY,CREDITCARD",25,FALSE,4,1,20,0,TRUE,TRUE,TRUE,FALSE,4/15/2020 0:00:00
3300,Prospect Park West & 8 St,3722.04,40.66514682,-73.97637606,71,"KEY,CREDITCARD",25,TRUE,4,0,21,0,TRUE,TRUE,TRUE,TRUE,4/14/2020 0:00:00
3299,E 98 St & Park Ave,7443.17,40.78813,-73.95206,71,"KEY,CREDITCARD",25,FALSE,3,0,22,0,TRUE,TRUE,TRUE,FALSE,4/14/2020 0:00:00
3355,E 66 St & Madison Ave,6969.08,40.76800889,-73.96845281,71,"KEY,CREDITCARD",25,FALSE,3,0,22,0,TRUE,TRUE,TRUE,FALSE,4/14/2020 0:00:00
3821,Evergreen Ave & Noll St,4873.08,40.70106,-73.93318,71,"KEY,CREDITCARD",25,FALSE,3,0,22,0,TRUE,TRUE,TRUE,FALSE,4/14/2020 0:00:00
3847,Cedar St & Evergreen Ave,4721.01,40.69671,-73.92807,71,"KEY,CREDITCARD",25,FALSE,3,0,22,0,TRUE,TRUE,TRUE,FALSE,4/14/2020 0:00:00
3850,Jefferson St & Cypress Ave,5082.08,40.70907,-73.92157,71,"KEY,CREDITCARD",25,FALSE,3,0,22,0,TRUE,TRUE,TRUE,FALSE,4/15/2020 0:00:00
3416,7 Ave & Park Pl,4125.07,40.6776147,-73.97324283,71,"KEY,CREDITCARD",25,FALSE,2,0,23,0,TRUE,TRUE,TRUE,FALSE,4/15/2020 0:00:00
3841,Menahan St & Central Ave,4672.01,40.69543,-73.9196,71,"KEY,CREDITCARD",25,FALSE,2,0,23,0,TRUE,TRUE,TRUE,FALSE,4/15/2020 0:00:00
3384,Smith St & 3 St,4151.01,40.6787242,-73.99599099,71,"KEY,CREDITCARD",25,FALSE,1,0,24,0,TRUE,TRUE,TRUE,FALSE,4/14/2020 0:00:00
3430,Richardson St & N Henry St,5433.03,40.71907891,-73.9422369,71,"KEY,CREDITCARD",25,FALSE,0,0,25,0,TRUE,TRUE,TRUE,FALSE,4/15/2020 0:00:00
3549,Grand Ave & Bergen St,4190.06,40.678045,-73.962408,71,"KEY,CREDITCARD",25,FALSE,0,0,25,0,TRUE,TRUE,TRUE,FALSE,4/14/2020 0:00:00
3854,Morgan Ave & Maspeth Ave,5354.01,40.716657,-73.93637,71,"KEY,CREDITCARD",25,FALSE,0,0,25,0,TRUE,TRUE,TRUE,FALSE,4/14/2020 0:00:00
3495,E 114 St & 1 Ave,7540.02,40.7945663,-73.9362541,71,"KEY,CREDITCARD",26,FALSE,24,0,2,0,TRUE,TRUE,TRUE,FALSE,4/14/2020 0:00:00
3646,35 Ave & 10 St,6806.06,40.76315482,-73.9398551,71,"KEY,CREDITCARD",26,FALSE,7,0,9,10,TRUE,TRUE,TRUE,FALSE,4/14/2020 0:00:00
3203,Hamilton Park,JC009,40.72759597,-74.04424731,70,"KEY,CREDITCARD",26,FALSE,16,0,10,0,TRUE,TRUE,TRUE,FALSE,4/14/2020 0:00:00
3276,Marin Light Rail,JC013,40.71458404,-74.04281706,70,"KEY,CREDITCARD",26,FALSE,12,0,14,0,TRUE,TRUE,TRUE,FALSE,4/14/2020 0:00:00
3095,Graham Ave & Herbert St,5403.05,40.71929301,-73.94500379,71,"KEY,CREDITCARD",26,FALSE,8,0,18,0,TRUE,TRUE,TRUE,FALSE,4/14/2020 0:00:00
3207,Oakland Ave,JC022,40.7376037,-74.0524783,70,"KEY,CREDITCARD",26,FALSE,7,0,19,0,TRUE,TRUE,TRUE,FALSE,4/14/2020 0:00:00
3078,Broadway & Roebling St,5125.07,40.70924826,-73.96063149,71,"KEY,CREDITCARD",26,FALSE,5,0,21,0,TRUE,TRUE,TRUE,FALSE,4/15/2020 0:00:00
3668,Leonard St & Nassau Ave,5550.09,40.72395678,-73.94984365,71,"KEY,CREDITCARD",26,FALSE,4,0,22,0,TRUE,TRUE,TRUE,FALSE,4/15/2020 0:00:00
3206,Hilltop,JC019,40.7311689,-74.0575736,70,"KEY,CREDITCARD",26,FALSE,2,1,23,0,TRUE,TRUE,TRUE,FALSE,4/14/2020 0:00:00
3860,Wilson Ave & Troutman St,4864.09,40.70166,-73.92754,71,"KEY,CREDITCARD",26,FALSE,2,0,24,0,TRUE,TRUE,TRUE,FALSE,4/14/2020 0:00:00
3561,37 Ave & 35 St,6529.02,40.7531106,-73.9279917,71,"KEY,CREDITCARD",26,FALSE,1,0,25,0,TRUE,TRUE,TRUE,FALSE,4/14/2020 0:00:00
3113,Greenpoint Ave & Manhattan Ave,5785.05,40.73026,-73.95394,71,"KEY,CREDITCARD",27,FALSE,25,1,1,0,TRUE,TRUE,TRUE,FALSE,4/14/2020 0:00:00
3520,Adam Clayton Powell Blvd & W 118 St,7670.09,40.804372,-73.951475,71,"KEY,CREDITCARD",27,FALSE,26,0,1,0,TRUE,TRUE,TRUE,FALSE,4/14/2020 0:00:00
3803,Bedford Ave & Montgomery St,3736.03,40.665816,-73.956934,71,"KEY,CREDITCARD",27,FALSE,26,0,1,0,TRUE,TRUE,TRUE,FALSE,4/15/2020 0:00:00
3526,31 St & 23 Ave,7144.01,40.7747878,-73.9125551,71,"KEY,CREDITCARD",27,FALSE,25,0,2,0,TRUE,TRUE,TRUE,FALSE,4/14/2020 0:00:00
3599,Franklin Ave & Empire Blvd,3704.01,40.66314,-73.9605695,71,"KEY,CREDITCARD",27,FALSE,25,0,2,0,TRUE,TRUE,TRUE,FALSE,4/14/2020 0:00:00
372,Franklin Ave & Myrtle Ave,4715.01,40.69454609,-73.95801365,71,"KEY,CREDITCARD",27,FALSE,24,0,3,0,TRUE,TRUE,TRUE,FALSE,4/15/2020 0:00:00
3123,31 St & Thomson Ave,6227.02,40.74469738,-73.93540375,71,"KEY,CREDITCARD",27,FALSE,24,0,3,0,TRUE,TRUE,TRUE,FALSE,4/14/2020 0:00:00
3408,Congress St & Clinton St,4455.07,40.6881529,-73.99520919,71,"KEY,CREDITCARD",27,FALSE,24,0,3,0,TRUE,TRUE,TRUE,FALSE,4/14/2020 0:00:00
3417,Baltic St & 5 Ave,4208.11,40.6795766,-73.97854971,71,"KEY,CREDITCARD",27,FALSE,24,0,3,0,TRUE,TRUE,TRUE,FALSE,4/15/2020 0:00:00
3762,3 Ave & Carroll St,4143.04,40.677027,-73.9865,71,"KEY,CREDITCARD",27,FALSE,24,0,3,0,TRUE,TRUE,TRUE,FALSE,4/15/2020 0:00:00
297,E 15 St & 3 Ave,5863.07,40.734232,-73.986923,71,"KEY,CREDITCARD",27,FALSE,23,0,4,0,TRUE,TRUE,TRUE,FALSE,4/15/2020 0:00:00
353,S Portland Ave & Hanson Pl,4354.05,40.68539567,-73.97431458,71,"KEY,CREDITCARD",27,FALSE,22,1,4,0,TRUE,TRUE,TRUE,FALSE,4/15/2020 0:00:00
3101,N 12 St & Bedford Ave,5450.04,40.72079821,-73.95484712,71,"KEY,CREDITCARD",27,FALSE,23,0,4,0,TRUE,TRUE,TRUE,FALSE,4/15/2020 0:00:00
3364,Carroll St & 5 Ave,4060.09,40.6751622,-73.9814832,71,"KEY,CREDITCARD",27,FALSE,22,1,4,0,TRUE,TRUE,TRUE,FALSE,4/15/2020 0:00:00
3373,3 St & 3 Ave,4028.03,40.6750705,-73.98775226,71,"KEY,CREDITCARD",27,FALSE,22,1,4,0,TRUE,TRUE,TRUE,FALSE,4/14/2020 0:00:00
3386,1 Pl & Clinton St,4193.14,40.6809591,-73.99905709,71,"KEY,CREDITCARD",27,FALSE,23,0,4,0,TRUE,TRUE,TRUE,FALSE,4/14/2020 0:00:00
3424,E 106 St & Lexington Ave,7504.18,40.791976,-73.945993,71,"KEY,CREDITCARD",27,FALSE,23,0,4,0,TRUE,TRUE,TRUE,FALSE,4/15/2020 0:00:00
3658,W 18 St & 9 Ave,6190.03,40.74353373,-74.00367558,71,"KEY,CREDITCARD",27,FALSE,22,0,5,0,TRUE,TRUE,TRUE,FALSE,4/15/2020 0:00:00
3763,Wyckoff Av & Jefferson St,5051.01,40.707165,-73.923711,71,"KEY,CREDITCARD",27,FALSE,22,0,5,0,TRUE,TRUE,TRUE,FALSE,4/14/2020 0:00:00
3775,Suydam St & Knickerbocker Ave,4939.07,40.702013,-73.923769,71,"KEY,CREDITCARD",27,FALSE,22,0,5,0,TRUE,TRUE,TRUE,FALSE,4/15/2020 0:00:00
282,Kent Ave & S 11 St,5062.01,40.70764494,-73.96841526,71,"KEY,CREDITCARD",27,FALSE,20,1,6,0,TRUE,TRUE,TRUE,FALSE,4/15/2020 0:00:00
340,Madison St & Clinton St,5190.07,40.71269042,-73.98776323,71,"KEY,CREDITCARD",27,TRUE,20,1,6,0,TRUE,TRUE,TRUE,TRUE,4/15/2020 0:00:00
3329,Degraw St & Smith St,4298.05,40.6829151,-73.99318208,71,"KEY,CREDITCARD",27,FALSE,21,0,6,0,TRUE,TRUE,TRUE,FALSE,4/14/2020 0:00:00
3535,Mt Morris Park W & W 120 St,7685.14,40.804038,-73.945925,71,"KEY,CREDITCARD",27,FALSE,20,1,6,0,TRUE,TRUE,TRUE,FALSE,4/15/2020 0:00:00
3587,Carroll St & Washington Ave,3887.03,40.6686744,-73.9618148,71,"KEY,CREDITCARD",27,FALSE,21,0,6,0,TRUE,TRUE,TRUE,FALSE,4/14/2020 0:00:00
3745,36 Ave & 31 St,6572.08,40.75651273,-73.92957486,71,"KEY,CREDITCARD",27,FALSE,21,0,6,0,TRUE,TRUE,TRUE,FALSE,4/14/2020 0:00:00
261,Johnson St & Gold St,4668.08,40.69474881,-73.98362464,71,"KEY,CREDITCARD",27,FALSE,20,0,7,0,TRUE,TRUE,TRUE,FALSE,4/15/2020 0:00:00
3117,Franklin St & Dupont St,5944.01,40.73564,-73.95866,71,"KEY,CREDITCARD",27,FALSE,20,0,7,0,TRUE,TRUE,TRUE,FALSE,4/14/2020 0:00:00
3404,7 St & 5 Ave,3914.02,40.6704922,-73.98541675,71,"KEY,CREDITCARD",27,FALSE,20,0,7,0,TRUE,TRUE,TRUE,FALSE,4/14/2020 0:00:00
3411,Bond St & Bergen St,4404.10,40.6849668,-73.98620772,71,"KEY,CREDITCARD",27,FALSE,20,0,7,0,TRUE,TRUE,TRUE,FALSE,4/14/2020 0:00:00
3221,47 Ave & 31 St,6151.03,40.743,-73.93561,71,"KEY,CREDITCARD",27,FALSE,19,0,8,0,TRUE,TRUE,TRUE,FALSE,4/15/2020 0:00:00
3778,Irving Ave & DeKalb Ave,4898.02,40.7027,-73.92095,71,"KEY,CREDITCARD",27,FALSE,19,0,8,0,TRUE,TRUE,TRUE,FALSE,4/14/2020 0:00:00
268,Howard St & Centre St,5422.04,40.71910537,-73.99973337,71,"KEY,CREDITCARD",27,FALSE,18,0,9,0,TRUE,TRUE,TRUE,FALSE,4/15/2020 0:00:00
321,Cadman Plaza E & Red Cross Pl,4821.06,40.69991755,-73.98971773,71,"KEY,CREDITCARD",27,TRUE,18,0,9,0,TRUE,TRUE,TRUE,TRUE,4/15/2020 0:00:00
346,Bank St & Hudson St,5922.08,40.73652889,-74.00618026,71,"KEY,CREDITCARD",27,FALSE,17,1,9,0,TRUE,TRUE,TRUE,FALSE,4/15/2020 0:00:00
389,Broadway & Berry St,5164.04,40.71044554,-73.96525063,71,"KEY,CREDITCARD",27,FALSE,17,1,9,0,TRUE,TRUE,TRUE,FALSE,4/15/2020 0:00:00
3157,East End Ave & E 86 St,7113.08,40.77518615,-73.94446054,71,"KEY,CREDITCARD",27,FALSE,17,1,9,0,TRUE,TRUE,TRUE,FALSE,4/15/2020 0:00:00
448,W 37 St & 10 Ave,6611.02,40.75660359,-73.9979009,71,"KEY,CREDITCARD",27,FALSE,17,0,10,0,TRUE,TRUE,TRUE,FALSE,4/15/2020 0:00:00
2002,Wythe Ave & Metropolitan Ave,5348.02,40.716887,-73.963198,71,"KEY,CREDITCARD",27,FALSE,15,1,11,0,TRUE,TRUE,TRUE,FALSE,4/14/2020 0:00:00
3172,W 74 St & Columbus Ave,7230.10,40.7785669,-73.97754961,71,"KEY,CREDITCARD",27,FALSE,15,1,11,0,TRUE,TRUE,TRUE,FALSE,4/14/2020 0:00:00
3304,6 Ave & 9 St,3803.09,40.668127,-73.98377641,71,"KEY,CREDITCARD",27,FALSE,16,0,11,0,TRUE,TRUE,TRUE,FALSE,4/14/2020 0:00:00
3532,Ditmars Blvd & 19 St,7291.06,40.78145,-73.9183302,71,"KEY,CREDITCARD",27,FALSE,15,1,11,0,TRUE,TRUE,TRUE,FALSE,4/14/2020 0:00:00
3674,Jay St & York St,4895.09,40.70140317,-73.9867267,71,"KEY,CREDITCARD",27,FALSE,16,0,11,0,TRUE,TRUE,TRUE,FALSE,4/15/2020 0:00:00
3419,Douglass St & 4 Ave,4175.14,40.6792788,-73.98154004,71,"KEY,CREDITCARD",27,FALSE,15,0,12,0,TRUE,TRUE,TRUE,FALSE,4/15/2020 0:00:00
3544,Underhill Ave & Pacific St,4231.04,40.6804836,-73.9646795,71,"KEY,CREDITCARD",27,FALSE,15,0,12,0,TRUE,TRUE,TRUE,FALSE,4/14/2020 0:00:00
264,Maiden Ln & Pearl St,5065.10,40.70706456,-74.00731853,71,"KEY,CREDITCARD",27,FALSE,13,1,13,0,TRUE,TRUE,TRUE,FALSE,4/15/2020 0:00:00
545,E 23 St & 1 Ave,5929.01,40.736502,-73.97809472,71,"KEY,CREDITCARD",27,FALSE,14,0,13,0,TRUE,TRUE,TRUE,FALSE,4/15/2020 0:00:00
3044,Albany Ave & Fulton St,4237.02,40.6800105,-73.938475,71,"KEY,CREDITCARD",27,FALSE,14,0,13,0,TRUE,TRUE,TRUE,FALSE,4/15/2020 0:00:00
3124,46 Ave & 5 St,6286.02,40.74731,-73.95451,71,"KEY,CREDITCARD",27,FALSE,13,1,13,0,TRUE,TRUE,TRUE,FALSE,4/14/2020 0:00:00
331,Pike St & Monroe St,5159.04,40.71173107,-73.99193043,71,"KEY,CREDITCARD",27,FALSE,12,1,14,0,TRUE,TRUE,TRUE,FALSE,4/15/2020 0:00:00
3613,Center Blvd & 48 Ave,6254.06,40.745038,-73.957539,71,"KEY,CREDITCARD",27,FALSE,13,0,14,0,TRUE,TRUE,TRUE,FALSE,4/14/2020 0:00:00
364,Lafayette Ave & Classon Ave,4452.01,40.68900443,-73.96023854,71,"KEY,CREDITCARD",27,FALSE,11,0,16,0,TRUE,TRUE,TRUE,FALSE,4/15/2020 0:00:00
3121,Jackson Ave & 46 Rd,6203.02,40.74524768,-73.94733276,71,"KEY,CREDITCARD",27,FALSE,10,1,16,0,TRUE,TRUE,TRUE,FALSE,4/14/2020 0:00:00
3327,3 Ave & E 100 St,7414.17,40.7877214,-73.94728331,71,"KEY,CREDITCARD",27,FALSE,11,0,16,0,TRUE,TRUE,TRUE,FALSE,4/15/2020 0:00:00
3527,5 Ave & E 126 St,7701.19,40.80698,-73.941747,71,"KEY,CREDITCARD",27,FALSE,11,0,16,0,TRUE,TRUE,TRUE,FALSE,4/15/2020 0:00:00
3610,Vernon Blvd & 30 Rd,7003.03,40.770845,-73.934171,71,"KEY,CREDITCARD",27,TRUE,11,0,16,0,TRUE,TRUE,TRUE,TRUE,4/14/2020 0:00:00
399,Lafayette Ave & St James Pl,4494.04,40.68851534,-73.9647628,71,"KEY,CREDITCARD",27,FALSE,10,0,17,0,TRUE,TRUE,TRUE,FALSE,4/15/2020 0:00:00
423,W 54 St & 9 Ave,6920.03,40.76584941,-73.98690506,71,"KEY,CREDITCARD",27,FALSE,10,0,17,0,TRUE,TRUE,TRUE,FALSE,4/15/2020 0:00:00
3308,Kane St & Clinton St,4455.11,40.6861758,-73.99645295,71,"KEY,CREDITCARD",27,FALSE,9,1,17,0,TRUE,TRUE,TRUE,FALSE,4/14/2020 0:00:00
3562,Classon Ave & St Marks Ave,4074.03,40.6765198,-73.9596082,71,"KEY,CREDITCARD",27,FALSE,10,0,17,0,TRUE,TRUE,TRUE,FALSE,4/14/2020 0:00:00
3531,Frederick Douglass Blvd & W 129 St,7795.09,40.8125511,-73.9492286,71,"KEY,CREDITCARD",27,FALSE,9,0,18,0,TRUE,TRUE,TRUE,FALSE,4/14/2020 0:00:00
3617,28 Ave & 35 St,6951.03,40.7671,-73.9169858,71,"KEY,CREDITCARD",27,FALSE,9,0,18,0,TRUE,TRUE,TRUE,FALSE,4/14/2020 0:00:00
3905,4 Ave & E 12 St,5788.15,40.732647,-73.99011,71,"KEY,CREDITCARD",27,FALSE,9,0,18,0,TRUE,TRUE,TRUE,FALSE,4/15/2020 0:00:00
251,Mott St & Prince St,5561.04,40.72317958,-73.99480012,71,"KEY,CREDITCARD",27,FALSE,8,0,19,0,TRUE,TRUE,TRUE,FALSE,4/15/2020 0:00:00
3492,E 118 St & Park Ave,7625.18,40.8005385,-73.9419949,71,"KEY,CREDITCARD",27,FALSE,7,1,19,0,TRUE,TRUE,TRUE,FALSE,4/15/2020 0:00:00
3558,Bergen St & Vanderbilt Ave,4157.10,40.6794388,-73.9680438,71,"KEY,CREDITCARD",27,FALSE,8,0,19,0,TRUE,TRUE,TRUE,FALSE,4/15/2020 0:00:00
3581,Underhill Ave & Lincoln Pl,4042.08,40.6740123,-73.9671457,71,"KEY,CREDITCARD",27,FALSE,7,1,19,0,TRUE,TRUE,TRUE,FALSE,4/14/2020 0:00:00
3259,9 Ave & W 28 St,6416.08,40.74937024,-73.99923384,71,"KEY,CREDITCARD",27,FALSE,7,0,20,0,TRUE,TRUE,TRUE,FALSE,4/15/2020 0:00:00
308,St James Pl & Oliver St,5238.05,40.71307916,-73.99851193,71,"KEY,CREDITCARD",27,FALSE,5,1,21,0,TRUE,TRUE,TRUE,FALSE,4/15/2020 0:00:00
397,Fulton St & Clermont Ave,4386.05,40.68415748,-73.96922273,71,"KEY,CREDITCARD",27,FALSE,5,1,21,0,TRUE,TRUE,TRUE,FALSE,4/15/2020 0:00:00
3504,E 123 St & Lexington Ave,7636.05,40.8029263,-73.9379,71,"KEY,CREDITCARD",27,TRUE,6,0,21,0,TRUE,TRUE,TRUE,TRUE,4/15/2020 0:00:00
335,Washington Pl & Broadway,5755.01,40.72903917,-73.99404649,71,"KEY,CREDITCARD",27,FALSE,4,1,22,0,TRUE,TRUE,TRUE,FALSE,4/15/2020 0:00:00
3102,Driggs Ave & Lorimer St,5481.04,40.72179134,-73.9504154,71,"KEY,CREDITCARD",27,FALSE,5,0,22,0,TRUE,TRUE,TRUE,FALSE,4/14/2020 0:00:00
3761,Cedar St & Myrtle Ave,4751.01,40.697842,-73.926241,71,"KEY,CREDITCARD",27,FALSE,5,0,22,0,TRUE,TRUE,TRUE,FALSE,4/14/2020 0:00:00
82,St James Pl & Pearl St,5167.06,40.71117416,-74.00016545,71,"KEY,CREDITCARD",27,FALSE,4,0,23,0,TRUE,TRUE,TRUE,FALSE,4/15/2020 0:00:00
249,Harrison St & Hudson St,5400.05,40.71870987,-74.0090009,71,"KEY,CREDITCARD",27,FALSE,4,0,23,0,TRUE,TRUE,TRUE,FALSE,4/15/2020 0:00:00
3554,Vernon Blvd & 41 Rd,6514.08,40.7552433,-73.9485678,71,"KEY,CREDITCARD",27,FALSE,4,0,23,0,TRUE,TRUE,TRUE,FALSE,4/14/2020 0:00:00
3555,28 St & 41 Ave,6462.19,40.751047,-73.93797,71,"KEY,CREDITCARD",27,FALSE,4,0,23,0,TRUE,TRUE,TRUE,FALSE,4/14/2020 0:00:00
3600,31 Ave & Steinway St,6782.01,40.7611488,-73.9170071,71,"KEY,CREDITCARD",27,FALSE,4,0,23,0,TRUE,TRUE,TRUE,FALSE,4/14/2020 0:00:00
3880,Willoughby Ave & Onderdonk Ave,5115.05,40.7098,-73.91727,71,"KEY,CREDITCARD",27,FALSE,4,0,23,0,TRUE,TRUE,TRUE,FALSE,4/14/2020 0:00:00
3092,Berry St & N 8 St,5379.09,40.7190095,-73.95852515,71,"KEY,CREDITCARD",27,FALSE,3,0,24,0,TRUE,TRUE,TRUE,FALSE,4/14/2020 0:00:00
3365,3 St & 7 Ave,3905.15,40.6703837,-73.97839676,71,"KEY,CREDITCARD",27,FALSE,3,0,24,0,TRUE,TRUE,TRUE,FALSE,4/15/2020 0:00:00
3576,Park Pl & Vanderbilt Ave,4083.13,40.6767,-73.969024,71,"KEY,CREDITCARD",27,FALSE,3,0,24,0,TRUE,TRUE,TRUE,FALSE,4/15/2020 0:00:00
3067,Broadway & Whipple St,4883.03,40.7016657,-73.9437303,71,"KEY,CREDITCARD",27,FALSE,2,0,25,0,TRUE,TRUE,TRUE,FALSE,4/15/2020 0:00:00
3693,N 11 St & Kent Ave,5489.04,40.72248189,-73.95921931,71,"KEY,CREDITCARD",27,FALSE,2,0,25,0,TRUE,TRUE,TRUE,FALSE,4/15/2020 0:00:00
436,Hancock St & Bedford Ave,4255.05,40.68216564,-73.95399026,71,"KEY,CREDITCARD",27,FALSE,0,0,27,0,TRUE,TRUE,TRUE,FALSE,4/15/2020 0:00:00
3335,Union St & 4 Ave,4175.15,40.6772744,-73.98282002,71,"KEY,CREDITCARD",28,FALSE,26,0,2,0,TRUE,TRUE,TRUE,FALSE,4/15/2020 0:00:00
350,Clinton St & Grand St,5303.06,40.71559509,-73.9870295,71,"KEY,CREDITCARD",28,FALSE,20,0,8,0,TRUE,TRUE,TRUE,FALSE,4/15/2020 0:00:00
536,1 Ave & E 30 St,6079.03,40.74144387,-73.97536082,71,"KEY,CREDITCARD",28,FALSE,16,0,12,0,TRUE,TRUE,TRUE,FALSE,4/15/2020 0:00:00
3110,Meserole Ave & Manhattan Ave,5666.04,40.72708584,-73.95299117,71,"KEY,CREDITCARD",28,FALSE,15,0,13,0,TRUE,TRUE,TRUE,FALSE,4/14/2020 0:00:00
3093,N 6 St & Bedford Ave,5379.10,40.71745169,-73.95850939,71,"KEY,CREDITCARD",28,FALSE,8,0,20,0,TRUE,TRUE,TRUE,FALSE,4/15/2020 0:00:00
3389,Carroll St & Columbia St,4348.07,40.6830456,-74.00348559,71,"KEY,CREDITCARD",28,FALSE,7,0,21,0,TRUE,TRUE,TRUE,FALSE,4/14/2020 0:00:00